texto,arquivo,categoria,prioridade,status,uso
"Animais & Sons","animais-sons.mp3","Mais usadas (várias brincadeiras)","P1 — mais usadas","falta gravar","Esconde-esconde, Piano dos Animais, Ouça e Encontre, Contar Tocando, Encontre o Animal, Encontre o Par, Lousa Mágica, Encaixe e Quebra-Cabeça, Quem Fez Esse Som?, Vamos Contar, Qual é Diferente?, Quem Pertence ao Grupo?, Memória, Mexa o Corpo!, Brinque com o Ritmo, Ritmo Musical, Desafio do Movimento, Sequência de Sons, Número e Quantidade, Balões dos Números, Complete a Sequência, Ordem dos Números, Copie o Ritmo, Bolhas; ao abrir o mundo"
"Có có có!","co-co-co.mp3","Mais usadas (várias brincadeiras)","P1 — mais usadas","falta gravar","Descobrir Animais, Animais, Quem Fez Esse Som?; sons dos animais; futuro"
"Cores & Formas","cores-formas.mp3","Mais usadas (várias brincadeiras)","P1 — mais usadas","falta gravar","Esconde-esconde, Cores para Descobrir, Piano dos Animais, Encaixe as Formas, Ouça e Encontre, Contar Tocando, Separar por Cor, Cores, Mundo das Formas, Grande e Pequeno, Encontre o Animal, Encontre o Par, Lousa Mágica, Encaixe e Quebra-Cabeça, Encontre a Cor, Caça às Cores, Quem Fez Esse Som?, Vamos Contar, Qual é Diferente?, Quem Pertence ao Grupo?, Memória, Mexa o Corpo!, Brinque com o Ritmo, Ritmo Musical, Desafio do Movimento, Sequência de Sons, Número e Quantidade, Balões dos Números, Complete a Sequência, Ordem dos Números, Copie o Ritmo, Bolhas; ao abrir o mundo"
"Criar & Mexer","criar-mexer.mp3","Mais usadas (várias brincadeiras)","P1 — mais usadas","falta gravar","Esconde-esconde, Piano dos Animais, Lousa Mágica, Encaixe e Quebra-Cabeça, Mexa o Corpo!, Brinque com o Ritmo, Ritmo Musical, Desafio do Movimento, Copie o Ritmo, Bolhas; ao abrir o mundo"
"Descobrir","descobrir.mp3","Mais usadas (várias brincadeiras)","P1 — mais usadas","falta gravar","Esconde-esconde, Bolhas, Sons e Descobertas, Descobrir Animais, Descobrir Cores, Descobrir Objetos, Descobrir com as Mãos, Cores para Descobrir, Piano dos Animais, Animais, Encaixe as Formas, Ouça e Encontre, Contar Tocando, Meu Corpo, Eu Quero…, Separar por Cor, Cores, Mundo das Formas, Grande e Pequeno, Encontre o Animal, Encontre o Par, Lousa Mágica, Encaixe e Quebra-Cabeça, Montar Frases, História Interativa, Palavras do Dia, Encontre a Cor, Caça às Cores, Quem Fez Esse Som?, Vamos Contar, Qual é Diferente?, Quem Pertence ao Grupo?, Memória, Mexa o Corpo!, Brinque com o Ritmo, Ritmo Musical, Desafio do Movimento, Brincar com Sílabas, Rimas Divertidas, Hora da História, Opostos Divertidos, Frases em Ação, Sequência de Sons, Número e Quantidade, Balões dos Números, Complete a Sequência, Ordem dos Números, Copie o Ritmo, Com Que Som Começa?; ao abrir o mundo"
"Falar & Comunicar","falar-comunicar.mp3","Mais usadas (várias brincadeiras)","P1 — mais usadas","falta gravar","Esconde-esconde, Eu Quero…, Separar por Cor, Encaixe as Formas, Cores para Descobrir, Cores, Mundo das Formas, Grande e Pequeno, Encontre o Animal, Ouça e Encontre, Contar Tocando, Encontre o Par, Piano dos Animais, Lousa Mágica, Encaixe e Quebra-Cabeça, Montar Frases, História Interativa, Palavras do Dia, Encontre a Cor, Caça às Cores, Quem Fez Esse Som?, Vamos Contar, Qual é Diferente?, Quem Pertence ao Grupo?, Memória, Mexa o Corpo!, Brinque com o Ritmo, Ritmo Musical, Desafio do Movimento, Brincar com Sílabas, Rimas Divertidas, Hora da História, Opostos Divertidos, Frases em Ação, Sequência de Sons, Número e Quantidade, Balões dos Números, Complete a Sequência, Ordem dos Números, Copie o Ritmo, Bolhas, Com Que Som Começa?; ao abrir o mundo"
"Memória & Atenção","memoria-atencao.mp3","Mais usadas (várias brincadeiras)","P1 — mais usadas","falta gravar","Esconde-esconde, Piano dos Animais, Lousa Mágica, Encaixe e Quebra-Cabeça, Memória, Mexa o Corpo!, Brinque com o Ritmo, Ritmo Musical, Desafio do Movimento, Copie o Ritmo, Bolhas; ao abrir o mundo"
"Miau!","miau.mp3","Mais usadas (várias brincadeiras)","P1 — mais usadas","falta gravar","Descobrir Animais, Animais, Quem Fez Esse Som?; sons dos animais; futuro"
"Muito bem! Você terminou a brincadeira!","muito-bem-voce-terminou-a-brincadeira.mp3","Mais usadas (várias brincadeiras)","P1 — mais usadas","falta gravar","Sons e Descobertas, Descobrir Animais, Descobrir Cores, Descobrir Objetos, Descobrir com as Mãos, Cores para Descobrir, Animais, Ouça e Encontre, Meu Corpo, Cores, Mundo das Formas, Grande e Pequeno, Encontre o Animal, Encontre o Par, História Interativa, Palavras do Dia, Encontre a Cor, Quem Fez Esse Som?, Vamos Contar, Quem Pertence ao Grupo?, Brinque com o Ritmo, Ritmo Musical, Desafio do Movimento, Brincar com Sílabas, Opostos Divertidos, Número e Quantidade, Complete a Sequência"
"Muuu!","muuu.mp3","Mais usadas (várias brincadeiras)","P1 — mais usadas","falta gravar","Descobrir Animais, Animais, Quem Fez Esse Som?; sons dos animais; futuro"
"Números & Lógica","numeros-logica.mp3","Mais usadas (várias brincadeiras)","P1 — mais usadas","falta gravar","Esconde-esconde, Contar Tocando, Piano dos Animais, Encontre o Par, Lousa Mágica, Encaixe e Quebra-Cabeça, Vamos Contar, Qual é Diferente?, Quem Pertence ao Grupo?, Memória, Mexa o Corpo!, Brinque com o Ritmo, Ritmo Musical, Desafio do Movimento, Número e Quantidade, Balões dos Números, Complete a Sequência, Ordem dos Números, Copie o Ritmo, Bolhas; ao abrir o mundo"
"Quá quá!","qua-qua.mp3","Mais usadas (várias brincadeiras)","P1 — mais usadas","falta gravar","Descobrir Animais, Animais, Quem Fez Esse Som?; sons dos animais; futuro"
"Vamos ouvir mais uma vez.","vamos-ouvir-mais-uma-vez.mp3","Mais usadas (várias brincadeiras)","P1 — mais usadas","falta gravar","Sons e Descobertas, Ouça e Encontre, Brincar com Sílabas"
"Brinque para ganhar adesivos!","brinque-para-ganhar-adesivos.mp3","Telas do app","P1 — mais usadas","falta gravar","início, resultado, álbum, descanso"
"Hora de descansar! Até mais tarde!","hora-de-descansar-ate-mais-tarde.mp3","Telas do app","P1 — mais usadas","falta gravar","início, resultado, álbum, descanso"
"Muito bem!","muito-bem.mp3","Telas do app","P1 — mais usadas","gravado","início, resultado, álbum, descanso"
"Novo adesivo!","novo-adesivo.mp3","Telas do app","P1 — mais usadas","gravado","início, resultado, álbum, descanso"
"Oi! Vamos brincar?","oi-vamos-brincar.mp3","Telas do app","P1 — mais usadas","gravado","início, resultado, álbum, descanso"
"Seus adesivos!","seus-adesivos.mp3","Telas do app","P1 — mais usadas","falta gravar","início, resultado, álbum, descanso"
"Você brincou de novo!","voce-brincou-de-novo.mp3","Telas do app","P1 — mais usadas","falta gravar","início, resultado, álbum, descanso"
"Au au!","au-au.mp3","Animais","P2 — usadas hoje","falta gravar","Animais, Quem Fez Esse Som?; sons dos animais; futuro"
"Cachorro","cachorro.mp3","Animais","P2 — usadas hoje","gravado","descobrir, memória, bolhas; Palavras do Dia; futuro"
"Cachorro. Au au!","cachorro-au-au.mp3","Animais","P2 — usadas hoje","falta gravar","descobrir animais; cartões"
"Croac!","croac.mp3","Animais","P2 — usadas hoje","falta gravar","Animais; sons dos animais; futuro"
"Galinha","galinha.mp3","Animais","P2 — usadas hoje","gravado","descobrir, memória, bolhas; futuro"
"Galinha. Có có có!","galinha-co-co-co.mp3","Animais","P2 — usadas hoje","falta gravar","descobrir animais; cartões"
"Gato","gato.mp3","Animais","P2 — usadas hoje","gravado","descobrir, memória, bolhas; Palavras do Dia; Brincar com Sílabas; futuro"
"Gato. Miau!","gato-miau.mp3","Animais","P2 — usadas hoje","falta gravar","descobrir animais; cartões"
"Leão","leao.mp3","Animais","P2 — usadas hoje","gravado","descobrir, memória, bolhas; futuro"
"Leão. Grrr!","leao-grrr.mp3","Animais","P2 — usadas hoje","falta gravar","descobrir animais; cartões"
"Onde está a galinha?","onde-esta-a-galinha.mp3","Animais","P2 — usadas hoje","falta gravar","Encontre o Animal; futuro"
"Pato","pato.mp3","Animais","P2 — usadas hoje","gravado","descobrir, memória, bolhas; Brincar com Sílabas; futuro"
"Pato. Quá quá!","pato-qua-qua.mp3","Animais","P2 — usadas hoje","falta gravar","descobrir animais; cartões"
"Sapo","sapo.mp3","Animais","P2 — usadas hoje","gravado","descobrir, memória, bolhas; futuro"
"Sapo. Croac!","sapo-croac.mp3","Animais","P2 — usadas hoje","falta gravar","descobrir animais; cartões"
"Vaca","vaca.mp3","Animais","P2 — usadas hoje","gravado","descobrir, memória, bolhas; futuro"
"Vaca. Muuu!","vaca-muuu.mp3","Animais","P2 — usadas hoje","falta gravar","descobrir animais; cartões"
"Estoure o número 1","estoure-o-numero-1.mp3","Balões dos Números","P2 — usadas hoje","falta gravar","Balões dos Números; Balões"
"Estoure o número 2","estoure-o-numero-2.mp3","Balões dos Números","P2 — usadas hoje","falta gravar","Balões dos Números; Balões"
"Estoure o número 3","estoure-o-numero-3.mp3","Balões dos Números","P2 — usadas hoje","falta gravar","Balões dos Números; Balões"
"Estoure o número 4","estoure-o-numero-4.mp3","Balões dos Números","P2 — usadas hoje","falta gravar","Balões dos Números; Balões"
"Estoure as bolhas!","estoure-as-bolhas.mp3","Bolhas","P2 — usadas hoje","falta gravar","Bolhas"
"Bata palmas ou conte as partes da palavra.","bata-palmas-ou-conte-as-partes-da-palavra.mp3","Brincar com Sílabas","P2 — usadas hoje","falta gravar","Brincar com Sílabas"
"BO - LA. Muito bem!","bo-la-muito-bem.mp3","Brincar com Sílabas","P2 — usadas hoje","falta gravar","Brincar com Sílabas"
"BOLA","bola.mp3","Brincar com Sílabas","P2 — usadas hoje","falta gravar","Brincar com Sílabas; Descobrir Objetos, Encontre o Par; Descobrir com as Mãos; futuro"
"CA - SA. Muito bem!","ca-sa-muito-bem.mp3","Brincar com Sílabas","P2 — usadas hoje","falta gravar","Brincar com Sílabas"
"GA - TO. Muito bem!","ga-to-muito-bem.mp3","Brincar com Sílabas","P2 — usadas hoje","falta gravar","Brincar com Sílabas"
"MA - MÃE. Muito bem!","ma-mae-muito-bem.mp3","Brincar com Sílabas","P2 — usadas hoje","falta gravar","Brincar com Sílabas"
"MAMÃE","mamae.mp3","Brincar com Sílabas","P2 — usadas hoje","falta gravar","Brincar com Sílabas; Palavras do Dia; Montar Frases; futuro"
"PA - TO. Muito bem!","pa-to-muito-bem.mp3","Brincar com Sílabas","P2 — usadas hoje","falta gravar","Brincar com Sílabas"
"Muito bem! Ritmo combinado.","muito-bem-ritmo-combinado.mp3","Brinque com o Ritmo","P2 — usadas hoje","falta gravar","Brinque com o Ritmo"
"Vamos observar de novo.","vamos-observar-de-novo.mp3","Brinque com o Ritmo","P2 — usadas hoje","falta gravar","Brinque com o Ritmo"
"Você pode bater palmas junto.","voce-pode-bater-palmas-junto.mp3","Brinque com o Ritmo","P2 — usadas hoje","falta gravar","Brinque com o Ritmo"
"Encontre a cor Amarelo","encontre-a-cor-amarelo.mp3","Caça às Cores","P2 — usadas hoje","falta gravar","Caça às Cores"
"Encontre a cor Branco","encontre-a-cor-branco.mp3","Caça às Cores","P2 — usadas hoje","falta gravar","Caça às Cores"
"Encontre a cor Laranja","encontre-a-cor-laranja.mp3","Caça às Cores","P2 — usadas hoje","falta gravar","Caça às Cores"
"Encontre a cor Marrom","encontre-a-cor-marrom.mp3","Caça às Cores","P2 — usadas hoje","falta gravar","Caça às Cores"
"Encontre a cor Preto","encontre-a-cor-preto.mp3","Caça às Cores","P2 — usadas hoje","falta gravar","Caça às Cores"
"Encontre a cor Rosa","encontre-a-cor-rosa.mp3","Caça às Cores","P2 — usadas hoje","falta gravar","Caça às Cores"
"Encontre a cor Roxo","encontre-a-cor-roxo.mp3","Caça às Cores","P2 — usadas hoje","falta gravar","Caça às Cores"
"Encontre a cor Verde","encontre-a-cor-verde.mp3","Caça às Cores","P2 — usadas hoje","falta gravar","Caça às Cores"
"Encontre a cor Vermelho","encontre-a-cor-vermelho.mp3","Caça às Cores","P2 — usadas hoje","falta gravar","Caça às Cores"
"Muito bem! Amarelo","muito-bem-amarelo.mp3","Caça às Cores","P2 — usadas hoje","falta gravar","Caça às Cores"
"Muito bem! Branco","muito-bem-branco.mp3","Caça às Cores","P2 — usadas hoje","falta gravar","Caça às Cores"
"Muito bem! Laranja","muito-bem-laranja.mp3","Caça às Cores","P2 — usadas hoje","falta gravar","Caça às Cores"
"Muito bem! Marrom","muito-bem-marrom.mp3","Caça às Cores","P2 — usadas hoje","falta gravar","Caça às Cores"
"Muito bem! Preto","muito-bem-preto.mp3","Caça às Cores","P2 — usadas hoje","falta gravar","Caça às Cores"
"Muito bem! Rosa","muito-bem-rosa.mp3","Caça às Cores","P2 — usadas hoje","falta gravar","Caça às Cores"
"Muito bem! Roxo","muito-bem-roxo.mp3","Caça às Cores","P2 — usadas hoje","falta gravar","Caça às Cores"
"Muito bem! Verde","muito-bem-verde.mp3","Caça às Cores","P2 — usadas hoje","falta gravar","Caça às Cores"
"Muito bem! Vermelho","muito-bem-vermelho.mp3","Caça às Cores","P2 — usadas hoje","falta gravar","Caça às Cores"
"Ba! Banana e Baleia!","ba-banana-e-baleia.mp3","Com Que Som Começa?","P2 — usadas hoje","falta gravar","Com Que Som Começa?"
"Ba… Banana. Qual começa igual?","ba-banana-qual-comeca-igual.mp3","Com Que Som Começa?","P2 — usadas hoje","falta gravar","Com Que Som Começa?"
"Bo! Bola e Bolo!","bo-bola-e-bolo.mp3","Com Que Som Começa?","P2 — usadas hoje","falta gravar","Com Que Som Começa?"
"Bo… Bola. Qual começa igual?","bo-bola-qual-comeca-igual.mp3","Com Que Som Começa?","P2 — usadas hoje","falta gravar","Com Que Som Começa?"
"Ca! Carro e Casa!","ca-carro-e-casa.mp3","Com Que Som Começa?","P2 — usadas hoje","falta gravar","Com Que Som Começa?"
"Ca… Carro. Qual começa igual?","ca-carro-qual-comeca-igual.mp3","Com Que Som Começa?","P2 — usadas hoje","falta gravar","Com Que Som Começa?"
"Escute de novo: Ba… Banana. Qual começa igual?","escute-de-novo-ba-banana-qual-comeca-igual.mp3","Com Que Som Começa?","P2 — usadas hoje","falta gravar","Com Que Som Começa?"
"Escute de novo: Bo… Bola. Qual começa igual?","escute-de-novo-bo-bola-qual-comeca-igual.mp3","Com Que Som Começa?","P2 — usadas hoje","falta gravar","Com Que Som Começa?"
"Escute de novo: Ca… Carro. Qual começa igual?","escute-de-novo-ca-carro-qual-comeca-igual.mp3","Com Que Som Começa?","P2 — usadas hoje","falta gravar","Com Que Som Começa?"
"Escute de novo: Ga… Gato. Qual começa igual?","escute-de-novo-ga-gato-qual-comeca-igual.mp3","Com Que Som Começa?","P2 — usadas hoje","falta gravar","Com Que Som Começa?"
"Escute de novo: Lu… Lua. Qual começa igual?","escute-de-novo-lu-lua-qual-comeca-igual.mp3","Com Que Som Começa?","P2 — usadas hoje","falta gravar","Com Que Som Começa?"
"Escute de novo: Ma… Macaco. Qual começa igual?","escute-de-novo-ma-macaco-qual-comeca-igual.mp3","Com Que Som Começa?","P2 — usadas hoje","falta gravar","Com Que Som Começa?"
"Escute de novo: Pa… Pato. Qual começa igual?","escute-de-novo-pa-pato-qual-comeca-igual.mp3","Com Que Som Começa?","P2 — usadas hoje","falta gravar","Com Que Som Começa?"
"Escute de novo: Sa… Sapo. Qual começa igual?","escute-de-novo-sa-sapo-qual-comeca-igual.mp3","Com Que Som Começa?","P2 — usadas hoje","falta gravar","Com Que Som Começa?"
"Ga! Gato e Galinha!","ga-gato-e-galinha.mp3","Com Que Som Começa?","P2 — usadas hoje","falta gravar","Com Que Som Começa?"
"Ga… Gato. Qual começa igual?","ga-gato-qual-comeca-igual.mp3","Com Que Som Começa?","P2 — usadas hoje","falta gravar","Com Que Som Começa?"
"Lu! Lua e Luva!","lu-lua-e-luva.mp3","Com Que Som Começa?","P2 — usadas hoje","falta gravar","Com Que Som Começa?"
"Lu… Lua. Qual começa igual?","lu-lua-qual-comeca-igual.mp3","Com Que Som Começa?","P2 — usadas hoje","falta gravar","Com Que Som Começa?"
"Ma! Macaco e Maçã!","ma-macaco-e-maca.mp3","Com Que Som Começa?","P2 — usadas hoje","falta gravar","Com Que Som Começa?"
"Ma… Macaco. Qual começa igual?","ma-macaco-qual-comeca-igual.mp3","Com Que Som Começa?","P2 — usadas hoje","falta gravar","Com Que Som Começa?"
"Pa! Pato e Palhaço!","pa-pato-e-palhaco.mp3","Com Que Som Começa?","P2 — usadas hoje","falta gravar","Com Que Som Começa?"
"Pa… Pato. Qual começa igual?","pa-pato-qual-comeca-igual.mp3","Com Que Som Começa?","P2 — usadas hoje","falta gravar","Com Que Som Começa?"
"Sa! Sapo e Sapato!","sa-sapo-e-sapato.mp3","Com Que Som Começa?","P2 — usadas hoje","falta gravar","Com Que Som Começa?"
"Sa… Sapo. Qual começa igual?","sa-sapo-qual-comeca-igual.mp3","Com Que Som Começa?","P2 — usadas hoje","falta gravar","Com Que Som Começa?"
"Muito bem! Você descobriu o padrão.","muito-bem-voce-descobriu-o-padrao.mp3","Complete a Sequência","P2 — usadas hoje","falta gravar","Complete a Sequência"
"Observe a sequência mais uma vez.","observe-a-sequencia-mais-uma-vez.mp3","Complete a Sequência","P2 — usadas hoje","falta gravar","Complete a Sequência"
"Observe o padrão e escolha o que vem depois.","observe-o-padrao-e-escolha-o-que-vem-depois.mp3","Complete a Sequência","P2 — usadas hoje","falta gravar","Complete a Sequência"
"cinco! Muito bem!","cinco-muito-bem.mp3","Contar Tocando","P2 — usadas hoje","falta gravar","Contar Tocando"
"dois! Muito bem!","dois-muito-bem.mp3","Contar Tocando","P2 — usadas hoje","falta gravar","Contar Tocando"
"nove! Muito bem!","nove-muito-bem.mp3","Contar Tocando","P2 — usadas hoje","falta gravar","Contar Tocando"
"oito! Muito bem!","oito-muito-bem.mp3","Contar Tocando","P2 — usadas hoje","falta gravar","Contar Tocando"
"quatro! Muito bem!","quatro-muito-bem.mp3","Contar Tocando","P2 — usadas hoje","falta gravar","Contar Tocando"
"seis! Muito bem!","seis-muito-bem.mp3","Contar Tocando","P2 — usadas hoje","falta gravar","Contar Tocando"
"sete! Muito bem!","sete-muito-bem.mp3","Contar Tocando","P2 — usadas hoje","falta gravar","Contar Tocando"
"três! Muito bem!","tres-muito-bem.mp3","Contar Tocando","P2 — usadas hoje","falta gravar","Contar Tocando"
"um! Muito bem!","um-muito-bem.mp3","Contar Tocando","P2 — usadas hoje","falta gravar","Contar Tocando"
"Muito bem! Vamos para o próximo.","muito-bem-vamos-para-o-proximo.mp3","Copie o Ritmo","P2 — usadas hoje","falta gravar","Copie o Ritmo"
"Amarelo","amarelo.mp3","Cores","P2 — usadas hoje","gravado","cores; Cores para Descobrir; futuro"
"Azul","azul.mp3","Cores","P2 — usadas hoje","gravado","cores; Cores para Descobrir; futuro"
"Branco","branco.mp3","Cores","P2 — usadas hoje","gravado","cores; futuro"
"Encontre a cor Azul","encontre-a-cor-azul.mp3","Cores","P2 — usadas hoje","falta gravar","Caça às Cores"
"Laranja","laranja.mp3","Cores","P2 — usadas hoje","gravado","cores; Cores para Descobrir; futuro"
"Marrom","marrom.mp3","Cores","P2 — usadas hoje","gravado","cores; futuro"
"Muito bem! Azul","muito-bem-azul.mp3","Cores","P2 — usadas hoje","falta gravar","Caça às Cores"
"Onde está a cor Branco?","onde-esta-a-cor-branco.mp3","Cores","P2 — usadas hoje","falta gravar","Encontre a Cor; futuro"
"Onde está a cor Rosa?","onde-esta-a-cor-rosa.mp3","Cores","P2 — usadas hoje","falta gravar","Encontre a Cor; futuro"
"Preto","preto.mp3","Cores","P2 — usadas hoje","gravado","cores; futuro"
"Rosa","rosa.mp3","Cores","P2 — usadas hoje","gravado","cores; futuro"
"Roxo","roxo.mp3","Cores","P2 — usadas hoje","gravado","cores; Cores para Descobrir; futuro"
"Verde","verde.mp3","Cores","P2 — usadas hoje","gravado","cores; Cores para Descobrir; futuro"
"Vermelho","vermelho.mp3","Cores","P2 — usadas hoje","gravado","cores; Cores para Descobrir; futuro"
"Toque em uma cor para ouvir. Depois, toque em Continuar.","toque-em-uma-cor-para-ouvir-depois-toque-em-continuar.mp3","Cores para Descobrir","P2 — usadas hoje","falta gravar","Cores para Descobrir"
"Boca","boca.mp3","Corpo","P2 — usadas hoje","gravado","Meu Corpo; futuro"
"Cabeça","cabeca.mp3","Corpo","P2 — usadas hoje","gravado","Meu Corpo; futuro"
"Mão","mao.mp3","Corpo","P2 — usadas hoje","falta gravar","Meu Corpo; futuro"
"Nariz","nariz.mp3","Corpo","P2 — usadas hoje","gravado","Meu Corpo; futuro"
"Olho","olho.mp3","Corpo","P2 — usadas hoje","falta gravar","Meu Corpo; futuro"
"Pé","pe.mp3","Corpo","P2 — usadas hoje","falta gravar","Meu Corpo; futuro"
"Gire","gire.mp3","Desafio do Movimento","P2 — usadas hoje","falta gravar","Desafio do Movimento; futuro"
"Vamos brincar juntos!","vamos-brincar-juntos.mp3","Desafio do Movimento","P2 — usadas hoje","falta gravar","Desafio do Movimento"
"Coração","coracao.mp3","Descobertas do bebê","P2 — usadas hoje","gravado","Descobrir com as Mãos; futuro"
"Estrela","estrela.mp3","Descobertas do bebê","P2 — usadas hoje","gravado","Descobrir com as Mãos; futuro"
"Flor","flor.mp3","Descobertas do bebê","P2 — usadas hoje","falta gravar","Descobrir com as Mãos"
"Luz","luz.mp3","Descobertas do bebê","P2 — usadas hoje","falta gravar","Descobrir com as Mãos"
"Música","musica.mp3","Descobertas do bebê","P2 — usadas hoje","falta gravar","Descobrir com as Mãos"
"Toque nos animais para ouvir. Quando quiser, toque em Continuar.","toque-nos-animais-para-ouvir-quando-quiser-toque-em-continuar.mp3","Descobrir Animais","P2 — usadas hoje","falta gravar","Descobrir Animais, Animais"
"Bola. Bola!","bola-bola.mp3","Descobrir com as Mãos","P2 — usadas hoje","falta gravar","Descobrir com as Mãos"
"Coração. Coração!","coracao-coracao.mp3","Descobrir com as Mãos","P2 — usadas hoje","falta gravar","Descobrir com as Mãos"
"Flor. Flor!","flor-flor.mp3","Descobrir com as Mãos","P2 — usadas hoje","falta gravar","Descobrir com as Mãos"
"Luz. Luz!","luz-luz.mp3","Descobrir com as Mãos","P2 — usadas hoje","falta gravar","Descobrir com as Mãos"
"Música. Música!","musica-musica.mp3","Descobrir com as Mãos","P2 — usadas hoje","falta gravar","Descobrir com as Mãos"
"Toque para descobrir. Não há respostas certas ou erradas. Toque em Continuar quando quiser.","toque-para-descobrir-nao-ha-respostas-certas-ou-erradas-toque-em-continuar-quando-quiser.mp3","Descobrir com as Mãos","P2 — usadas hoje","falta gravar","Descobrir com as Mãos"
"Toque nas cores para ouvir o nome. Depois, toque em Continuar.","toque-nas-cores-para-ouvir-o-nome-depois-toque-em-continuar.mp3","Descobrir Cores","P2 — usadas hoje","falta gravar","Descobrir Cores, Cores"
"Camisa","camisa.mp3","Descobrir Objetos","P2 — usadas hoje","falta gravar","Descobrir Objetos; Descobrir Objetos, Encontre o Par; futuro"
"Colher","colher.mp3","Descobrir Objetos","P2 — usadas hoje","falta gravar","Descobrir Objetos; Descobrir Objetos, Encontre o Par; futuro"
"Copo","copo.mp3","Descobrir Objetos","P2 — usadas hoje","falta gravar","Descobrir Objetos; Descobrir Objetos, Encontre o Par; futuro"
"Escova","escova.mp3","Descobrir Objetos","P2 — usadas hoje","falta gravar","Descobrir Objetos; Descobrir Objetos, Encontre o Par"
"Livro","livro.mp3","Descobrir Objetos","P2 — usadas hoje","falta gravar","Descobrir Objetos; Descobrir Objetos, Encontre o Par; futuro"
"Não existe resposta errada aqui. Explore os objetos que quiser.","nao-existe-resposta-errada-aqui-explore-os-objetos-que-quiser.mp3","Descobrir Objetos","P2 — usadas hoje","falta gravar","Descobrir Objetos"
"Sapato","sapato.mp3","Descobrir Objetos","P2 — usadas hoje","falta gravar","Descobrir Objetos; Descobrir Objetos, Encontre o Par; futuro"
"Onde encaixa a estrela?","onde-encaixa-a-estrela.mp3","Encaixe as Formas","P2 — usadas hoje","falta gravar","Encaixe as Formas"
"Onde encaixa o círculo?","onde-encaixa-o-circulo.mp3","Encaixe as Formas","P2 — usadas hoje","falta gravar","Encaixe as Formas"
"Onde encaixa o coração?","onde-encaixa-o-coracao.mp3","Encaixe as Formas","P2 — usadas hoje","falta gravar","Encaixe as Formas"
"Onde encaixa o quadrado?","onde-encaixa-o-quadrado.mp3","Encaixe as Formas","P2 — usadas hoje","falta gravar","Encaixe as Formas"
"Onde encaixa o triângulo?","onde-encaixa-o-triangulo.mp3","Encaixe as Formas","P2 — usadas hoje","falta gravar","Encaixe as Formas"
"Parabéns! Você completou o quebra-cabeça!","parabens-voce-completou-o-quebra-cabeca.mp3","Encaixe e Quebra-Cabeça","P2 — usadas hoje","falta gravar","Encaixe e Quebra-Cabeça"
"Onde está a cor Amarelo?","onde-esta-a-cor-amarelo.mp3","Encontre a Cor","P2 — usadas hoje","falta gravar","Encontre a Cor; futuro"
"Onde está a cor Azul?","onde-esta-a-cor-azul.mp3","Encontre a Cor","P2 — usadas hoje","falta gravar","Encontre a Cor; futuro"
"Onde está a cor Laranja?","onde-esta-a-cor-laranja.mp3","Encontre a Cor","P2 — usadas hoje","falta gravar","Encontre a Cor; futuro"
"Onde está a cor Marrom?","onde-esta-a-cor-marrom.mp3","Encontre a Cor","P2 — usadas hoje","falta gravar","Encontre a Cor; futuro"
"Onde está a cor Preto?","onde-esta-a-cor-preto.mp3","Encontre a Cor","P2 — usadas hoje","falta gravar","Encontre a Cor; futuro"
"Onde está a cor Roxo?","onde-esta-a-cor-roxo.mp3","Encontre a Cor","P2 — usadas hoje","falta gravar","Encontre a Cor; futuro"
"Onde está a cor Verde?","onde-esta-a-cor-verde.mp3","Encontre a Cor","P2 — usadas hoje","falta gravar","Encontre a Cor; futuro"
"Onde está a cor Vermelho?","onde-esta-a-cor-vermelho.mp3","Encontre a Cor","P2 — usadas hoje","falta gravar","Encontre a Cor; futuro"
"Onde está a vaca?","onde-esta-a-vaca.mp3","Encontre o Animal","P2 — usadas hoje","falta gravar","Encontre o Animal; futuro"
"Onde está o cachorro?","onde-esta-o-cachorro.mp3","Encontre o Animal","P2 — usadas hoje","falta gravar","Encontre o Animal, Palavras do Dia; Encontre o Animal; Palavras do Dia; futuro"
"Onde está o leão?","onde-esta-o-leao.mp3","Encontre o Animal","P2 — usadas hoje","falta gravar","Encontre o Animal; futuro"
"Onde está o pato?","onde-esta-o-pato.mp3","Encontre o Animal","P2 — usadas hoje","falta gravar","Encontre o Animal; futuro"
"Onde está o sapo?","onde-esta-o-sapo.mp3","Encontre o Animal","P2 — usadas hoje","falta gravar","Encontre o Animal; futuro"
"O que combina com Árvore?","o-que-combina-com-arvore.mp3","Encontre o Par","P2 — usadas hoje","falta gravar","Encontre o Par"
"O que combina com Avião?","o-que-combina-com-aviao.mp3","Encontre o Par","P2 — usadas hoje","falta gravar","Encontre o Par"
"O que combina com Banana?","o-que-combina-com-banana.mp3","Encontre o Par","P2 — usadas hoje","falta gravar","Encontre o Par"
"O que combina com Bola?","o-que-combina-com-bola.mp3","Encontre o Par","P2 — usadas hoje","falta gravar","Encontre o Par"
"O que combina com Boneca?","o-que-combina-com-boneca.mp3","Encontre o Par","P2 — usadas hoje","falta gravar","Encontre o Par"
"O que combina com Carro?","o-que-combina-com-carro.mp3","Encontre o Par","P2 — usadas hoje","falta gravar","Encontre o Par"
"O que combina com Maçã?","o-que-combina-com-maca.mp3","Encontre o Par","P2 — usadas hoje","falta gravar","Encontre o Par"
"Achou! Au au!","achou-au-au.mp3","Esconde-esconde","P2 — usadas hoje","falta gravar","Esconde-esconde"
"Achou! Có có có!","achou-co-co-co.mp3","Esconde-esconde","P2 — usadas hoje","falta gravar","Esconde-esconde"
"Achou! Croac!","achou-croac.mp3","Esconde-esconde","P2 — usadas hoje","falta gravar","Esconde-esconde"
"Achou! Grrr!","achou-grrr.mp3","Esconde-esconde","P2 — usadas hoje","falta gravar","Esconde-esconde"
"Achou! Miau!","achou-miau.mp3","Esconde-esconde","P2 — usadas hoje","falta gravar","Esconde-esconde"
"Achou! Muuu!","achou-muuu.mp3","Esconde-esconde","P2 — usadas hoje","falta gravar","Esconde-esconde"
"Achou! Quá quá!","achou-qua-qua.mp3","Esconde-esconde","P2 — usadas hoje","falta gravar","Esconde-esconde"
"Cadê a galinha? Onde se escondeu?","cade-a-galinha-onde-se-escondeu.mp3","Esconde-esconde","P2 — usadas hoje","falta gravar","Esconde-esconde"
"Cadê a galinha? Toque para achar!","cade-a-galinha-toque-para-achar.mp3","Esconde-esconde","P2 — usadas hoje","falta gravar","Esconde-esconde (bebês)"
"Cadê a vaca? Onde se escondeu?","cade-a-vaca-onde-se-escondeu.mp3","Esconde-esconde","P2 — usadas hoje","falta gravar","Esconde-esconde"
"Cadê a vaca? Toque para achar!","cade-a-vaca-toque-para-achar.mp3","Esconde-esconde","P2 — usadas hoje","falta gravar","Esconde-esconde; Esconde-esconde (bebês)"
"Cadê o cachorro? Onde se escondeu?","cade-o-cachorro-onde-se-escondeu.mp3","Esconde-esconde","P2 — usadas hoje","falta gravar","Esconde-esconde"
"Cadê o cachorro? Toque para achar!","cade-o-cachorro-toque-para-achar.mp3","Esconde-esconde","P2 — usadas hoje","falta gravar","Esconde-esconde (bebês)"
"Cadê o gato? Onde se escondeu?","cade-o-gato-onde-se-escondeu.mp3","Esconde-esconde","P2 — usadas hoje","falta gravar","Esconde-esconde"
"Cadê o gato? Toque para achar!","cade-o-gato-toque-para-achar.mp3","Esconde-esconde","P2 — usadas hoje","falta gravar","Esconde-esconde; Esconde-esconde (bebês)"
"Cadê o leão? Onde se escondeu?","cade-o-leao-onde-se-escondeu.mp3","Esconde-esconde","P2 — usadas hoje","falta gravar","Esconde-esconde"
"Cadê o leão? Toque para achar!","cade-o-leao-toque-para-achar.mp3","Esconde-esconde","P2 — usadas hoje","falta gravar","Esconde-esconde (bebês)"
"Cadê o pato? Onde se escondeu?","cade-o-pato-onde-se-escondeu.mp3","Esconde-esconde","P2 — usadas hoje","falta gravar","Esconde-esconde"
"Cadê o pato? Toque para achar!","cade-o-pato-toque-para-achar.mp3","Esconde-esconde","P2 — usadas hoje","falta gravar","Esconde-esconde (bebês)"
"Cadê o sapo? Onde se escondeu?","cade-o-sapo-onde-se-escondeu.mp3","Esconde-esconde","P2 — usadas hoje","falta gravar","Esconde-esconde"
"Cadê o sapo? Toque para achar!","cade-o-sapo-toque-para-achar.mp3","Esconde-esconde","P2 — usadas hoje","falta gravar","Esconde-esconde (bebês)"
"Eu quero água","eu-quero-agua.mp3","Eu Quero…","P2 — usadas hoje","falta gravar","Eu Quero…"
"Eu quero colo","eu-quero-colo.mp3","Eu Quero…","P2 — usadas hoje","falta gravar","Eu Quero…"
"Eu quero comer","eu-quero-comer.mp3","Eu Quero…","P2 — usadas hoje","falta gravar","Eu Quero…"
"O que você quer dizer? Toque num cartão.","o-que-voce-quer-dizer-toque-num-cartao.mp3","Eu Quero…","P2 — usadas hoje","falta gravar","Eu Quero…"
"Está doendo","esta-doendo.mp3","Eu Quero… (comunicação)","P2 — usadas hoje","falta gravar","Eu Quero…"
"Estou com sono","estou-com-sono.mp3","Eu Quero… (comunicação)","P2 — usadas hoje","falta gravar","Eu Quero…"
"Estou feliz","estou-feliz.mp3","Eu Quero… (comunicação)","P2 — usadas hoje","falta gravar","Eu Quero…"
"Estou triste","estou-triste.mp3","Eu Quero… (comunicação)","P2 — usadas hoje","falta gravar","Eu Quero…"
"Eu quero brincar","eu-quero-brincar.mp3","Eu Quero… (comunicação)","P2 — usadas hoje","falta gravar","Eu Quero…"
"Mais, por favor","mais-por-favor.mp3","Eu Quero… (comunicação)","P2 — usadas hoje","falta gravar","Eu Quero…"
"Não, obrigado","nao-obrigado.mp3","Eu Quero… (comunicação)","P2 — usadas hoje","falta gravar","Eu Quero…"
"Quero ir ao banheiro","quero-ir-ao-banheiro.mp3","Eu Quero… (comunicação)","P2 — usadas hoje","falta gravar","Eu Quero…"
"Sim!","sim.mp3","Eu Quero… (comunicação)","P2 — usadas hoje","falta gravar","Eu Quero…"
"Toque no que é grande.","toque-no-que-e-grande.mp3","Grande e Pequeno","P2 — usadas hoje","falta gravar","Grande e Pequeno"
"A família saiu de casa.","a-familia-saiu-de-casa.mp3","História Interativa","P2 — usadas hoje","falta gravar","História Interativa, Hora da História"
"No parque tem uma árvore bem grande.","no-parque-tem-uma-arvore-bem-grande.mp3","História Interativa","P2 — usadas hoje","falta gravar","História Interativa, Hora da História"
"Vamos jogar bola? Chuta!","vamos-jogar-bola-chuta.mp3","História Interativa","P2 — usadas hoje","falta gravar","História Interativa, Hora da História"
"Bom dia!","bom-dia.mp3","Histórias","P2 — usadas hoje","falta gravar","histórias; futuro"
"Dia de chuva","dia-de-chuva.mp3","Histórias","P2 — usadas hoje","falta gravar","histórias"
"No parque","no-parque.mp3","Histórias","P2 — usadas hoje","falta gravar","histórias"
"A chuva parou e apareceu o arco-íris!","a-chuva-parou-e-apareceu-o-arco-iris.mp3","Hora da História","P2 — usadas hoje","falta gravar","Hora da História; História Interativa, Hora da História"
"Apareceu uma nuvem no céu.","apareceu-uma-nuvem-no-ceu.mp3","Hora da História","P2 — usadas hoje","falta gravar","Hora da História; História Interativa, Hora da História"
"Bom dia! Toque nas figuras na ordem da história. O que aconteceu primeiro?","bom-dia-toque-nas-figuras-na-ordem-da-historia-o-que-aconteceu-primeiro.mp3","Hora da História","P2 — usadas hoje","falta gravar","Hora da História"
"Começou a chover. Plic, ploc!","comecou-a-chover-plic-ploc.mp3","Hora da História","P2 — usadas hoje","falta gravar","Hora da História; História Interativa, Hora da História"
"Depois, comeu uma maçã. Hum, que gostoso!","depois-comeu-uma-maca-hum-que-gostoso.mp3","Hora da História","P2 — usadas hoje","falta gravar","Hora da História; História Interativa, Hora da História"
"Dia de chuva Toque nas figuras na ordem da história. O que aconteceu primeiro?","dia-de-chuva-toque-nas-figuras-na-ordem-da-historia-o-que-aconteceu-primeiro.mp3","Hora da História","P2 — usadas hoje","falta gravar","Hora da História"
"E depois? Pense no que veio em seguida.","e-depois-pense-no-que-veio-em-seguida.mp3","Hora da História","P2 — usadas hoje","falta gravar","Hora da História"
"Hum, o que aconteceu primeiro?","hum-o-que-aconteceu-primeiro.mp3","Hora da História","P2 — usadas hoje","falta gravar","Hora da História"
"No parque Toque nas figuras na ordem da história. O que aconteceu primeiro?","no-parque-toque-nas-figuras-na-ordem-da-historia-o-que-aconteceu-primeiro.mp3","Hora da História","P2 — usadas hoje","falta gravar","Hora da História"
"O sol nasceu. Bom dia!","o-sol-nasceu-bom-dia.mp3","Hora da História","P2 — usadas hoje","falta gravar","Hora da História; História Interativa, Hora da História"
"O ursinho acordou e foi brincar.","o-ursinho-acordou-e-foi-brincar.mp3","Hora da História","P2 — usadas hoje","falta gravar","Hora da História; História Interativa, Hora da História"
"Que desenho incrível!","que-desenho-incrivel.mp3","Lousa Mágica","P2 — usadas hoje","falta gravar","Lousa Mágica"
"Vamos desenhar! Escolha uma cor.","vamos-desenhar-escolha-uma-cor.mp3","Lousa Mágica","P2 — usadas hoje","falta gravar","Lousa Mágica"
"Onde está a boca?","onde-esta-a-boca.mp3","Meu Corpo","P2 — usadas hoje","falta gravar","Meu Corpo; futuro"
"Onde está a cabeça?","onde-esta-a-cabeca.mp3","Meu Corpo","P2 — usadas hoje","falta gravar","Meu Corpo; futuro"
"Onde está a mão?","onde-esta-a-mao.mp3","Meu Corpo","P2 — usadas hoje","falta gravar","Meu Corpo; futuro"
"Onde está o nariz?","onde-esta-o-nariz.mp3","Meu Corpo","P2 — usadas hoje","falta gravar","Meu Corpo; futuro"
"Onde está o olho?","onde-esta-o-olho.mp3","Meu Corpo","P2 — usadas hoje","falta gravar","Meu Corpo; futuro"
"Onde está o pé?","onde-esta-o-pe.mp3","Meu Corpo","P2 — usadas hoje","falta gravar","Meu Corpo; futuro"
"👋Dê tchau","de-tchau.mp3","Mexa o Corpo!","P2 — usadas hoje","falta gravar","Mexa o Corpo!; Desafio do Movimento; futuro"
"👏Bata palmas","bata-palmas.mp3","Mexa o Corpo!","P2 — usadas hoje","falta gravar","Mexa o Corpo!; Desafio do Movimento; futuro"
"💃Dance","dance.mp3","Mexa o Corpo!","P2 — usadas hoje","falta gravar","Mexa o Corpo!; Desafio do Movimento"
"🦘Pule","pule.mp3","Mexa o Corpo!","P2 — usadas hoje","falta gravar","Mexa o Corpo!; Desafio do Movimento; futuro"
"Levante, imite e brinque junto.","levante-imite-e-brinque-junto.mp3","Mexa o Corpo!","P2 — usadas hoje","falta gravar","Mexa o Corpo!"
"Beber","beber.mp3","Montar Frases","P2 — usadas hoje","falta gravar","Montar Frases"
"Brincar","brincar.mp3","Montar Frases","P2 — usadas hoje","falta gravar","Montar Frases"
"Comer","comer.mp3","Montar Frases","P2 — usadas hoje","falta gravar","Montar Frases"
"Eu","eu.mp3","Montar Frases","P2 — usadas hoje","falta gravar","Montar Frases, Frases em Ação; Montar Frases"
"Não quero","nao-quero.mp3","Montar Frases","P2 — usadas hoje","falta gravar","Montar Frases"
"Obrigada","obrigada.mp3","Montar Frases","P2 — usadas hoje","falta gravar","Montar Frases"
"Obrigado","obrigado.mp3","Montar Frases","P2 — usadas hoje","falta gravar","Montar Frases"
"Por favor","por-favor.mp3","Montar Frases","P2 — usadas hoje","falta gravar","Montar Frases"
"Quero","quero.mp3","Montar Frases","P2 — usadas hoje","falta gravar","Montar Frases"
"1 palma","1-palma.mp3","Movimento e ritmo","P2 — usadas hoje","falta gravar","ritmos"
"2 palmas","2-palmas.mp3","Movimento e ritmo","P2 — usadas hoje","falta gravar","ritmos"
"3 palmas","3-palmas.mp3","Movimento e ritmo","P2 — usadas hoje","falta gravar","ritmos"
"Encontre a estrela.","encontre-a-estrela.mp3","Mundo das Formas","P2 — usadas hoje","falta gravar","Mundo das Formas"
"Encontre o círculo.","encontre-o-circulo.mp3","Mundo das Formas","P2 — usadas hoje","falta gravar","Mundo das Formas"
"Encontre o quadrado.","encontre-o-quadrado.mp3","Mundo das Formas","P2 — usadas hoje","falta gravar","Mundo das Formas"
"Encontre o triângulo.","encontre-o-triangulo.mp3","Mundo das Formas","P2 — usadas hoje","falta gravar","Mundo das Formas"
"Observe a quantidade e escolha o número.","observe-a-quantidade-e-escolha-o-numero.mp3","Número e Quantidade","P2 — usadas hoje","falta gravar","Número e Quantidade"
"dez! Muito bem!","dez-muito-bem.mp3","Números","P2 — usadas hoje","falta gravar","Contar Tocando"
"Estoure o número 5","estoure-o-numero-5.mp3","Números","P2 — usadas hoje","falta gravar","Balões"
"Estoure o número 6","estoure-o-numero-6.mp3","Números","P2 — usadas hoje","falta gravar","Balões"
"Estoure o número 7","estoure-o-numero-7.mp3","Números","P2 — usadas hoje","falta gravar","Balões"
"Árvore","arvore.mp3","Objetos","P2 — usadas hoje","falta gravar","Descobrir Objetos, Encontre o Par"
"Avião","aviao.mp3","Objetos","P2 — usadas hoje","gravado","Descobrir Objetos, Encontre o Par; futuro"
"Banana","banana.mp3","Objetos","P2 — usadas hoje","gravado","Descobrir Objetos, Encontre o Par; futuro"
"Boneca","boneca.mp3","Objetos","P2 — usadas hoje","falta gravar","Descobrir Objetos, Encontre o Par; futuro"
"Carro","carro.mp3","Objetos","P2 — usadas hoje","gravado","Descobrir Objetos, Encontre o Par; futuro"
"Maçã","maca.mp3","Objetos","P2 — usadas hoje","gravado","Descobrir Objetos, Encontre o Par; futuro"
"O que combina com Camisa?","o-que-combina-com-camisa.mp3","Objetos","P2 — usadas hoje","falta gravar","Encontre o Par"
"O que combina com Casa?","o-que-combina-com-casa.mp3","Objetos","P2 — usadas hoje","falta gravar","Encontre o Par"
"O que combina com Colher?","o-que-combina-com-colher.mp3","Objetos","P2 — usadas hoje","falta gravar","Encontre o Par"
"O que combina com Copo?","o-que-combina-com-copo.mp3","Objetos","P2 — usadas hoje","falta gravar","Encontre o Par"
"O que combina com Escova?","o-que-combina-com-escova.mp3","Objetos","P2 — usadas hoje","falta gravar","Encontre o Par"
"O que combina com Livro?","o-que-combina-com-livro.mp3","Objetos","P2 — usadas hoje","falta gravar","Encontre o Par"
"O que combina com Sapato?","o-que-combina-com-sapato.mp3","Objetos","P2 — usadas hoje","falta gravar","Encontre o Par"
"O que pertence ao mesmo grupo de Árvore?","o-que-pertence-ao-mesmo-grupo-de-arvore.mp3","Objetos","P2 — usadas hoje","falta gravar","Quem Pertence ao Grupo?"
"O que pertence ao mesmo grupo de Avião?","o-que-pertence-ao-mesmo-grupo-de-aviao.mp3","Objetos","P2 — usadas hoje","falta gravar","Quem Pertence ao Grupo?"
"O que pertence ao mesmo grupo de Banana?","o-que-pertence-ao-mesmo-grupo-de-banana.mp3","Objetos","P2 — usadas hoje","falta gravar","Quem Pertence ao Grupo?"
"O que pertence ao mesmo grupo de Bola?","o-que-pertence-ao-mesmo-grupo-de-bola.mp3","Objetos","P2 — usadas hoje","falta gravar","Quem Pertence ao Grupo?"
"O que pertence ao mesmo grupo de Boneca?","o-que-pertence-ao-mesmo-grupo-de-boneca.mp3","Objetos","P2 — usadas hoje","falta gravar","Quem Pertence ao Grupo?"
"O que pertence ao mesmo grupo de Camisa?","o-que-pertence-ao-mesmo-grupo-de-camisa.mp3","Objetos","P2 — usadas hoje","falta gravar","Quem Pertence ao Grupo?"
"O que pertence ao mesmo grupo de Carro?","o-que-pertence-ao-mesmo-grupo-de-carro.mp3","Objetos","P2 — usadas hoje","falta gravar","Quem Pertence ao Grupo?"
"O que pertence ao mesmo grupo de Casa?","o-que-pertence-ao-mesmo-grupo-de-casa.mp3","Objetos","P2 — usadas hoje","falta gravar","Quem Pertence ao Grupo?"
"O que pertence ao mesmo grupo de Colher?","o-que-pertence-ao-mesmo-grupo-de-colher.mp3","Objetos","P2 — usadas hoje","falta gravar","Quem Pertence ao Grupo?"
"O que pertence ao mesmo grupo de Copo?","o-que-pertence-ao-mesmo-grupo-de-copo.mp3","Objetos","P2 — usadas hoje","falta gravar","Quem Pertence ao Grupo?"
"O que pertence ao mesmo grupo de Escova?","o-que-pertence-ao-mesmo-grupo-de-escova.mp3","Objetos","P2 — usadas hoje","falta gravar","Quem Pertence ao Grupo?"
"O que pertence ao mesmo grupo de Livro?","o-que-pertence-ao-mesmo-grupo-de-livro.mp3","Objetos","P2 — usadas hoje","falta gravar","Quem Pertence ao Grupo?"
"O que pertence ao mesmo grupo de Maçã?","o-que-pertence-ao-mesmo-grupo-de-maca.mp3","Objetos","P2 — usadas hoje","falta gravar","Quem Pertence ao Grupo?"
"O que pertence ao mesmo grupo de Sapato?","o-que-pertence-ao-mesmo-grupo-de-sapato.mp3","Objetos","P2 — usadas hoje","falta gravar","Quem Pertence ao Grupo?"
"Baixo","baixo.mp3","Opostos","P2 — usadas hoje","falta gravar","Opostos; futuro"
"Noite","noite.mp3","Opostos","P2 — usadas hoje","gravado","Opostos; futuro"
"Pequeno","pequeno.mp3","Opostos","P2 — usadas hoje","falta gravar","Opostos; futuro"
"Vazio","vazio.mp3","Opostos","P2 — usadas hoje","falta gravar","Opostos; futuro"
"Qual é o contrário de Alto?","qual-e-o-contrario-de-alto.mp3","Opostos Divertidos","P2 — usadas hoje","falta gravar","Opostos Divertidos; Opostos; futuro"
"Qual é o contrário de Cheio?","qual-e-o-contrario-de-cheio.mp3","Opostos Divertidos","P2 — usadas hoje","falta gravar","Opostos Divertidos; Opostos; futuro"
"Qual é o contrário de Dia?","qual-e-o-contrario-de-dia.mp3","Opostos Divertidos","P2 — usadas hoje","falta gravar","Opostos Divertidos; Opostos; futuro"
"Qual é o contrário de Grande?","qual-e-o-contrario-de-grande.mp3","Opostos Divertidos","P2 — usadas hoje","falta gravar","Opostos Divertidos; Opostos; futuro"
"Qual número vem depois?","qual-numero-vem-depois.mp3","Ordem dos Números","P2 — usadas hoje","falta gravar","Ordem dos Números"
"Vamos observar a sequência.","vamos-observar-a-sequencia.mp3","Ordem dos Números","P2 — usadas hoje","falta gravar","Ordem dos Números"
"Onde está a água?","onde-esta-a-agua.mp3","Palavras do Dia","P2 — usadas hoje","falta gravar","Palavras do Dia; futuro"
"Onde está a casa?","onde-esta-a-casa.mp3","Palavras do Dia","P2 — usadas hoje","falta gravar","Palavras do Dia"
"Onde está a comida?","onde-esta-a-comida.mp3","Palavras do Dia","P2 — usadas hoje","falta gravar","Palavras do Dia"
"Onde está a mamãe?","onde-esta-a-mamae.mp3","Palavras do Dia","P2 — usadas hoje","falta gravar","Palavras do Dia"
"Onde está o gato?","onde-esta-o-gato.mp3","Palavras do Dia","P2 — usadas hoje","falta gravar","Palavras do Dia, Encontre o Animal; Encontre o Animal; Palavras do Dia; futuro"
"Onde está o papai?","onde-esta-o-papai.mp3","Palavras do Dia","P2 — usadas hoje","falta gravar","Palavras do Dia"
"Onde está o parque?","onde-esta-o-parque.mp3","Palavras do Dia","P2 — usadas hoje","falta gravar","Palavras do Dia"
"Água","agua.mp3","Palavras do dia a dia","P2 — usadas hoje","gravado","Palavras do Dia; Montar Frases; futuro"
"Casa","casa.mp3","Palavras do dia a dia","P2 — usadas hoje","gravado","Palavras do Dia; Descobrir Objetos, Encontre o Par; Brincar com Sílabas"
"Comida","comida.mp3","Palavras do dia a dia","P2 — usadas hoje","falta gravar","Palavras do Dia"
"Papai","papai.mp3","Palavras do dia a dia","P2 — usadas hoje","falta gravar","Palavras do Dia; Montar Frases; futuro"
"Parque","parque.mp3","Palavras do dia a dia","P2 — usadas hoje","gravado","Palavras do Dia"
"Toque nos animais para fazer música!","toque-nos-animais-para-fazer-musica.mp3","Piano dos Animais","P2 — usadas hoje","falta gravar","Piano dos Animais"
"Qual é diferente?","qual-e-diferente.mp3","Qual é Diferente?","P2 — usadas hoje","falta gravar","Qual é Diferente?; para narrar a navegação no futuro; futuro"
"Muito bem! Cachorro","muito-bem-cachorro.mp3","Quebra-cabeça","P2 — usadas hoje","falta gravar","Quebra-Cabeça"
"Muito bem! Galinha","muito-bem-galinha.mp3","Quebra-cabeça","P2 — usadas hoje","falta gravar","Quebra-Cabeça"
"Muito bem! Gato","muito-bem-gato.mp3","Quebra-cabeça","P2 — usadas hoje","falta gravar","Quebra-Cabeça"
"Muito bem! Leão","muito-bem-leao.mp3","Quebra-cabeça","P2 — usadas hoje","falta gravar","Quebra-Cabeça"
"Muito bem! Pato","muito-bem-pato.mp3","Quebra-cabeça","P2 — usadas hoje","falta gravar","Quebra-Cabeça"
"Muito bem! Sapo","muito-bem-sapo.mp3","Quebra-cabeça","P2 — usadas hoje","falta gravar","Quebra-Cabeça"
"Muito bem! Vaca","muito-bem-vaca.mp3","Quebra-cabeça","P2 — usadas hoje","falta gravar","Quebra-Cabeça"
"Grrr!","grrr.mp3","Quem Fez Esse Som?","P2 — usadas hoje","falta gravar","Quem Fez Esse Som?, Animais; sons dos animais; futuro"
"Ouça com atenção. Quem fez esse som?","ouca-com-atencao-quem-fez-esse-som.mp3","Quem Fez Esse Som?","P2 — usadas hoje","falta gravar","Quem Fez Esse Som?"
"O que pertence ao mesmo grupo de Animais?","o-que-pertence-ao-mesmo-grupo-de-animais.mp3","Quem Pertence ao Grupo?","P2 — usadas hoje","falta gravar","Quem Pertence ao Grupo?"
"O que pertence ao mesmo grupo de Brinquedos?","o-que-pertence-ao-mesmo-grupo-de-brinquedos.mp3","Quem Pertence ao Grupo?","P2 — usadas hoje","falta gravar","Quem Pertence ao Grupo?"
"O que pertence ao mesmo grupo de Frutas?","o-que-pertence-ao-mesmo-grupo-de-frutas.mp3","Quem Pertence ao Grupo?","P2 — usadas hoje","falta gravar","Quem Pertence ao Grupo?"
"O que pertence ao mesmo grupo de Veículos?","o-que-pertence-ao-mesmo-grupo-de-veiculos.mp3","Quem Pertence ao Grupo?","P2 — usadas hoje","falta gravar","Quem Pertence ao Grupo?"
"Bolo rima com…?","bolo-rima-com.mp3","Rimas","P2 — usadas hoje","falta gravar","Rimas"
"Bolo, Rolo! Rimou!","bolo-rolo-rimou.mp3","Rimas","P2 — usadas hoje","falta gravar","Rimas"
"Escute de novo: Abelha rima com…?","escute-de-novo-abelha-rima-com.mp3","Rimas","P2 — usadas hoje","falta gravar","Rimas"
"Escute de novo: Bolo rima com…?","escute-de-novo-bolo-rima-com.mp3","Rimas","P2 — usadas hoje","falta gravar","Rimas"
"Escute de novo: Leão rima com…?","escute-de-novo-leao-rima-com.mp3","Rimas","P2 — usadas hoje","falta gravar","Rimas"
"Escute de novo: Queijo rima com…?","escute-de-novo-queijo-rima-com.mp3","Rimas","P2 — usadas hoje","falta gravar","Rimas"
"Leão rima com…?","leao-rima-com.mp3","Rimas","P2 — usadas hoje","falta gravar","Rimas"
"Leão, Avião! Rimou!","leao-aviao-rimou.mp3","Rimas","P2 — usadas hoje","falta gravar","Rimas"
"Abelha rima com…?","abelha-rima-com.mp3","Rimas Divertidas","P2 — usadas hoje","falta gravar","Rimas Divertidas; Rimas"
"Abelha, Ovelha! Rimou!","abelha-ovelha-rimou.mp3","Rimas Divertidas","P2 — usadas hoje","falta gravar","Rimas Divertidas; Rimas"
"Escute de novo: Gato rima com…?","escute-de-novo-gato-rima-com.mp3","Rimas Divertidas","P2 — usadas hoje","falta gravar","Rimas Divertidas; Rimas"
"Escute de novo: Janela rima com…?","escute-de-novo-janela-rima-com.mp3","Rimas Divertidas","P2 — usadas hoje","falta gravar","Rimas Divertidas; Rimas"
"Escute de novo: Mão rima com…?","escute-de-novo-mao-rima-com.mp3","Rimas Divertidas","P2 — usadas hoje","falta gravar","Rimas Divertidas; Rimas"
"Escute de novo: Pato rima com…?","escute-de-novo-pato-rima-com.mp3","Rimas Divertidas","P2 — usadas hoje","falta gravar","Rimas Divertidas; Rimas"
"Gato rima com…?","gato-rima-com.mp3","Rimas Divertidas","P2 — usadas hoje","falta gravar","Rimas Divertidas; Rimas"
"Gato, Rato! Rimou!","gato-rato-rimou.mp3","Rimas Divertidas","P2 — usadas hoje","falta gravar","Rimas Divertidas; Rimas"
"Janela rima com…?","janela-rima-com.mp3","Rimas Divertidas","P2 — usadas hoje","falta gravar","Rimas Divertidas; Rimas"
"Janela, Panela! Rimou!","janela-panela-rimou.mp3","Rimas Divertidas","P2 — usadas hoje","falta gravar","Rimas Divertidas; Rimas"
"Mão rima com…?","mao-rima-com.mp3","Rimas Divertidas","P2 — usadas hoje","falta gravar","Rimas Divertidas; Rimas"
"Mão, Pão! Rimou!","mao-pao-rimou.mp3","Rimas Divertidas","P2 — usadas hoje","falta gravar","Rimas Divertidas; Rimas"
"Pato rima com…?","pato-rima-com.mp3","Rimas Divertidas","P2 — usadas hoje","falta gravar","Rimas Divertidas; Rimas"
"Pato, Sapato! Rimou!","pato-sapato-rimou.mp3","Rimas Divertidas","P2 — usadas hoje","falta gravar","Rimas Divertidas; Rimas"
"Queijo rima com…?","queijo-rima-com.mp3","Rimas Divertidas","P2 — usadas hoje","falta gravar","Rimas Divertidas; Rimas"
"Queijo, Beijo! Rimou!","queijo-beijo-rimou.mp3","Rimas Divertidas","P2 — usadas hoje","falta gravar","Rimas Divertidas; Rimas"
"Duas palmas","duas-palmas.mp3","Ritmo Musical","P2 — usadas hoje","falta gravar","Ritmo Musical, Copie o Ritmo; ritmos"
"Observe, imite e brinque com o ritmo.","observe-imite-e-brinque-com-o-ritmo.mp3","Ritmo Musical","P2 — usadas hoje","falta gravar","Ritmo Musical"
"Palma","palma.mp3","Ritmo Musical","P2 — usadas hoje","falta gravar","Ritmo Musical, Copie o Ritmo; ritmos"
"Palma e pausa","palma-e-pausa.mp3","Ritmo Musical","P2 — usadas hoje","falta gravar","Ritmo Musical, Copie o Ritmo; ritmos"
"Palma, palma, pausa","palma-palma-pausa.mp3","Ritmo Musical","P2 — usadas hoje","falta gravar","Ritmo Musical, Copie o Ritmo; ritmos"
"Onde vai a baleia?","onde-vai-a-baleia.mp3","Separar por Cor","P2 — usadas hoje","falta gravar","Separar por Cor"
"Onde vai a baleia? No cesto azul!","onde-vai-a-baleia-no-cesto-azul.mp3","Separar por Cor","P2 — usadas hoje","falta gravar","Separar por Cor"
"Onde vai a banana?","onde-vai-a-banana.mp3","Separar por Cor","P2 — usadas hoje","falta gravar","Separar por Cor"
"Onde vai a banana? No cesto amarelo!","onde-vai-a-banana-no-cesto-amarelo.mp3","Separar por Cor","P2 — usadas hoje","falta gravar","Separar por Cor"
"Onde vai a maçã?","onde-vai-a-maca.mp3","Separar por Cor","P2 — usadas hoje","falta gravar","Separar por Cor"
"Onde vai a maçã? No cesto vermelho!","onde-vai-a-maca-no-cesto-vermelho.mp3","Separar por Cor","P2 — usadas hoje","falta gravar","Separar por Cor"
"Onde vai o boné?","onde-vai-o-bone.mp3","Separar por Cor","P2 — usadas hoje","falta gravar","Separar por Cor"
"Onde vai o boné? No cesto azul!","onde-vai-o-bone-no-cesto-azul.mp3","Separar por Cor","P2 — usadas hoje","falta gravar","Separar por Cor"
"Onde vai o brócolis?","onde-vai-o-brocolis.mp3","Separar por Cor","P2 — usadas hoje","falta gravar","Separar por Cor"
"Onde vai o brócolis? No cesto verde!","onde-vai-o-brocolis-no-cesto-verde.mp3","Separar por Cor","P2 — usadas hoje","falta gravar","Separar por Cor"
"Onde vai o caminhão?","onde-vai-o-caminhao.mp3","Separar por Cor","P2 — usadas hoje","falta gravar","Separar por Cor"
"Onde vai o caminhão? No cesto vermelho!","onde-vai-o-caminhao-no-cesto-vermelho.mp3","Separar por Cor","P2 — usadas hoje","falta gravar","Separar por Cor"
"Onde vai o girassol?","onde-vai-o-girassol.mp3","Separar por Cor","P2 — usadas hoje","falta gravar","Separar por Cor"
"Onde vai o girassol? No cesto amarelo!","onde-vai-o-girassol-no-cesto-amarelo.mp3","Separar por Cor","P2 — usadas hoje","falta gravar","Separar por Cor"
"Onde vai o mirtilo?","onde-vai-o-mirtilo.mp3","Separar por Cor","P2 — usadas hoje","falta gravar","Separar por Cor"
"Onde vai o mirtilo? No cesto azul!","onde-vai-o-mirtilo-no-cesto-azul.mp3","Separar por Cor","P2 — usadas hoje","falta gravar","Separar por Cor"
"Onde vai o morango?","onde-vai-o-morango.mp3","Separar por Cor","P2 — usadas hoje","falta gravar","Separar por Cor"
"Onde vai o morango? No cesto vermelho!","onde-vai-o-morango-no-cesto-vermelho.mp3","Separar por Cor","P2 — usadas hoje","falta gravar","Separar por Cor"
"Onde vai o pintinho?","onde-vai-o-pintinho.mp3","Separar por Cor","P2 — usadas hoje","falta gravar","Separar por Cor"
"Onde vai o pintinho? No cesto amarelo!","onde-vai-o-pintinho-no-cesto-amarelo.mp3","Separar por Cor","P2 — usadas hoje","falta gravar","Separar por Cor"
"Onde vai o sapo?","onde-vai-o-sapo.mp3","Separar por Cor","P2 — usadas hoje","falta gravar","Separar por Cor"
"Onde vai o sapo? No cesto verde!","onde-vai-o-sapo-no-cesto-verde.mp3","Separar por Cor","P2 — usadas hoje","falta gravar","Separar por Cor"
"Onde vai o trevo?","onde-vai-o-trevo.mp3","Separar por Cor","P2 — usadas hoje","falta gravar","Separar por Cor"
"Onde vai o trevo? No cesto verde!","onde-vai-o-trevo-no-cesto-verde.mp3","Separar por Cor","P2 — usadas hoje","falta gravar","Separar por Cor"
"Vamos ouvir novamente.","vamos-ouvir-novamente.mp3","Sequência de Sons","P2 — usadas hoje","falta gravar","Sequência de Sons"
"Conte os objetos e escolha a quantidade.","conte-os-objetos-e-escolha-a-quantidade.mp3","Vamos Contar","P2 — usadas hoje","falta gravar","Vamos Contar"
"Vamos contar novamente!","vamos-contar-novamente.mp3","Vamos Contar","P2 — usadas hoje","falta gravar","Vamos Contar"
"A de Abelha","a-de-abelha.mp3","Alfabeto","P3 — futuro","gravado","futuro"
"B de Bola","b-de-bola.mp3","Alfabeto","P3 — futuro","gravado","futuro"
"C de Casa","c-de-casa.mp3","Alfabeto","P3 — futuro","gravado","futuro"
"D de Dado","d-de-dado.mp3","Alfabeto","P3 — futuro","gravado","futuro"
"E de Elefante","e-de-elefante.mp3","Alfabeto","P3 — futuro","gravado","futuro"
"F de Fogo","f-de-fogo.mp3","Alfabeto","P3 — futuro","gravado","futuro"
"G de Gato","g-de-gato.mp3","Alfabeto","P3 — futuro","gravado","futuro"
"H de Hipopótamo","h-de-hipopotamo.mp3","Alfabeto","P3 — futuro","gravado","futuro"
"I de Igreja","i-de-igreja.mp3","Alfabeto","P3 — futuro","gravado","futuro"
"J de Jacaré","j-de-jacare.mp3","Alfabeto","P3 — futuro","gravado","futuro"
"K de Kiwi","k-de-kiwi.mp3","Alfabeto","P3 — futuro","gravado","futuro"
"L de Leão","l-de-leao.mp3","Alfabeto","P3 — futuro","gravado","futuro"
"Letra A","letra-a.mp3","Alfabeto","P3 — futuro","gravado","futuro"
"Letra B","letra-b.mp3","Alfabeto","P3 — futuro","gravado","futuro"
"Letra C","letra-c.mp3","Alfabeto","P3 — futuro","gravado","futuro"
"Letra D","letra-d.mp3","Alfabeto","P3 — futuro","gravado","futuro"
"Letra E","letra-e.mp3","Alfabeto","P3 — futuro","gravado","futuro"
"Letra F","letra-f.mp3","Alfabeto","P3 — futuro","gravado","futuro"
"Letra G","letra-g.mp3","Alfabeto","P3 — futuro","gravado","futuro"
"Letra H","letra-h.mp3","Alfabeto","P3 — futuro","gravado","futuro"
"Letra I","letra-i.mp3","Alfabeto","P3 — futuro","gravado","futuro"
"Letra J","letra-j.mp3","Alfabeto","P3 — futuro","gravado","futuro"
"Letra K","letra-k.mp3","Alfabeto","P3 — futuro","gravado","futuro"
"Letra L","letra-l.mp3","Alfabeto","P3 — futuro","gravado","futuro"
"Letra M","letra-m.mp3","Alfabeto","P3 — futuro","gravado","futuro"
"Letra N","letra-n.mp3","Alfabeto","P3 — futuro","gravado","futuro"
"Letra O","letra-o.mp3","Alfabeto","P3 — futuro","gravado","futuro"
"Letra P","letra-p.mp3","Alfabeto","P3 — futuro","gravado","futuro"
"Letra Q","letra-q.mp3","Alfabeto","P3 — futuro","gravado","futuro"
"Letra R","letra-r.mp3","Alfabeto","P3 — futuro","gravado","futuro"
"Letra S","letra-s.mp3","Alfabeto","P3 — futuro","gravado","futuro"
"Letra T","letra-t.mp3","Alfabeto","P3 — futuro","gravado","futuro"
"Letra U","letra-u.mp3","Alfabeto","P3 — futuro","gravado","futuro"
"Letra V","letra-v.mp3","Alfabeto","P3 — futuro","gravado","futuro"
"Letra W","letra-w.mp3","Alfabeto","P3 — futuro","gravado","futuro"
"Letra X","letra-x.mp3","Alfabeto","P3 — futuro","gravado","futuro"
"Letra Y","letra-y.mp3","Alfabeto","P3 — futuro","gravado","futuro"
"Letra Z","letra-z.mp3","Alfabeto","P3 — futuro","gravado","futuro"
"M de Macaco","m-de-macaco.mp3","Alfabeto","P3 — futuro","gravado","futuro"
"N de Navio","n-de-navio.mp3","Alfabeto","P3 — futuro","gravado","futuro"
"O de Ovelha","o-de-ovelha.mp3","Alfabeto","P3 — futuro","gravado","futuro"
"Onde está a letra A?","onde-esta-a-letra-a.mp3","Alfabeto","P3 — futuro","falta gravar","futuro"
"Onde está a letra Agá?","onde-esta-a-letra-aga.mp3","Alfabeto","P3 — futuro","falta gravar","futuro"
"Onde está a letra Bê?","onde-esta-a-letra-be.mp3","Alfabeto","P3 — futuro","falta gravar","futuro"
"Onde está a letra Cá?","onde-esta-a-letra-ca.mp3","Alfabeto","P3 — futuro","falta gravar","futuro"
"Onde está a letra Cê?","onde-esta-a-letra-ce.mp3","Alfabeto","P3 — futuro","falta gravar","futuro"
"Onde está a letra Dáblio?","onde-esta-a-letra-dablio.mp3","Alfabeto","P3 — futuro","falta gravar","futuro"
"Onde está a letra Dê?","onde-esta-a-letra-de.mp3","Alfabeto","P3 — futuro","falta gravar","futuro"
"Onde está a letra É?","onde-esta-a-letra-e.mp3","Alfabeto","P3 — futuro","falta gravar","futuro"
"Onde está a letra Efe?","onde-esta-a-letra-efe.mp3","Alfabeto","P3 — futuro","falta gravar","futuro"
"Onde está a letra Ele?","onde-esta-a-letra-ele.mp3","Alfabeto","P3 — futuro","falta gravar","futuro"
"Onde está a letra Eme?","onde-esta-a-letra-eme.mp3","Alfabeto","P3 — futuro","falta gravar","futuro"
"Onde está a letra Ene?","onde-esta-a-letra-ene.mp3","Alfabeto","P3 — futuro","falta gravar","futuro"
"Onde está a letra Erre?","onde-esta-a-letra-erre.mp3","Alfabeto","P3 — futuro","falta gravar","futuro"
"Onde está a letra Esse?","onde-esta-a-letra-esse.mp3","Alfabeto","P3 — futuro","falta gravar","futuro"
"Onde está a letra Gê?","onde-esta-a-letra-ge.mp3","Alfabeto","P3 — futuro","falta gravar","futuro"
"Onde está a letra I?","onde-esta-a-letra-i.mp3","Alfabeto","P3 — futuro","falta gravar","futuro"
"Onde está a letra Ípsilon?","onde-esta-a-letra-ipsilon.mp3","Alfabeto","P3 — futuro","falta gravar","futuro"
"Onde está a letra Jota?","onde-esta-a-letra-jota.mp3","Alfabeto","P3 — futuro","falta gravar","futuro"
"Onde está a letra Ó?","onde-esta-a-letra-o.mp3","Alfabeto","P3 — futuro","falta gravar","futuro"
"Onde está a letra Pê?","onde-esta-a-letra-pe.mp3","Alfabeto","P3 — futuro","falta gravar","futuro"
"Onde está a letra Quê?","onde-esta-a-letra-que.mp3","Alfabeto","P3 — futuro","falta gravar","futuro"
"Onde está a letra Tê?","onde-esta-a-letra-te.mp3","Alfabeto","P3 — futuro","falta gravar","futuro"
"Onde está a letra U?","onde-esta-a-letra-u.mp3","Alfabeto","P3 — futuro","falta gravar","futuro"
"Onde está a letra Vê?","onde-esta-a-letra-ve.mp3","Alfabeto","P3 — futuro","falta gravar","futuro"
"Onde está a letra Xis?","onde-esta-a-letra-xis.mp3","Alfabeto","P3 — futuro","falta gravar","futuro"
"Onde está a letra Zê?","onde-esta-a-letra-ze.mp3","Alfabeto","P3 — futuro","falta gravar","futuro"
"P de Pato","p-de-pato.mp3","Alfabeto","P3 — futuro","gravado","futuro"
"Q de Queijo","q-de-queijo.mp3","Alfabeto","P3 — futuro","gravado","futuro"
"R de Rato","r-de-rato.mp3","Alfabeto","P3 — futuro","gravado","futuro"
"S de Sapo","s-de-sapo.mp3","Alfabeto","P3 — futuro","gravado","futuro"
"T de Tartaruga","t-de-tartaruga.mp3","Alfabeto","P3 — futuro","gravado","futuro"
"U de Uva","u-de-uva.mp3","Alfabeto","P3 — futuro","gravado","futuro"
"V de Vaca","v-de-vaca.mp3","Alfabeto","P3 — futuro","gravado","futuro"
"W de Wifi","w-de-wifi.mp3","Alfabeto","P3 — futuro","gravado","futuro"
"X de Xícara","x-de-xicara.mp3","Alfabeto","P3 — futuro","gravado","futuro"
"Y de Yakisoba","y-de-yakisoba.mp3","Alfabeto","P3 — futuro","gravado","futuro"
"Z de Zebra","z-de-zebra.mp3","Alfabeto","P3 — futuro","gravado","futuro"
"A abelha faz zzzz!","a-abelha-faz-zzzz.mp3","Animais","P3 — futuro","falta gravar","futuro"
"A baleia faz uuuuu!","a-baleia-faz-uuuuu.mp3","Animais","P3 — futuro","falta gravar","futuro"
"A cobra faz sssss!","a-cobra-faz-sssss.mp3","Animais","P3 — futuro","falta gravar","futuro"
"A coruja faz uhu uhu!","a-coruja-faz-uhu-uhu.mp3","Animais","P3 — futuro","falta gravar","futuro"
"A galinha faz có có có!","a-galinha-faz-co-co-co.mp3","Animais","P3 — futuro","falta gravar","futuro"
"A ovelha faz méééé!","a-ovelha-faz-meeee.mp3","Animais","P3 — futuro","falta gravar","futuro"
"A vaca faz muuu!","a-vaca-faz-muuu.mp3","Animais","P3 — futuro","falta gravar","futuro"
"Abelha","abelha.mp3","Animais","P3 — futuro","gravado","futuro"
"Auuuuu!","auuuuu.mp3","Animais","P3 — futuro","falta gravar","futuro"
"Baleia","baleia.mp3","Animais","P3 — futuro","gravado","futuro"
"Blub blub!","blub-blub.mp3","Animais","P3 — futuro","falta gravar","futuro"
"Borboleta","borboleta.mp3","Animais","P3 — futuro","gravado","futuro"
"Cadê a abelha?","cade-a-abelha.mp3","Animais","P3 — futuro","falta gravar","futuro"
"Cadê a baleia?","cade-a-baleia.mp3","Animais","P3 — futuro","falta gravar","futuro"
"Cadê a borboleta?","cade-a-borboleta.mp3","Animais","P3 — futuro","falta gravar","futuro"
"Cadê a cobra?","cade-a-cobra.mp3","Animais","P3 — futuro","falta gravar","futuro"
"Cadê a coruja?","cade-a-coruja.mp3","Animais","P3 — futuro","falta gravar","futuro"
"Cadê a formiga?","cade-a-formiga.mp3","Animais","P3 — futuro","falta gravar","futuro"
"Cadê a galinha?","cade-a-galinha.mp3","Animais","P3 — futuro","falta gravar","futuro"
"Cadê a girafa?","cade-a-girafa.mp3","Animais","P3 — futuro","falta gravar","futuro"
"Cadê a ovelha?","cade-a-ovelha.mp3","Animais","P3 — futuro","falta gravar","futuro"
"Cadê a tartaruga?","cade-a-tartaruga.mp3","Animais","P3 — futuro","falta gravar","futuro"
"Cadê a vaca?","cade-a-vaca.mp3","Animais","P3 — futuro","falta gravar","futuro"
"Cadê a zebra?","cade-a-zebra.mp3","Animais","P3 — futuro","falta gravar","futuro"
"Cadê o cachorro?","cade-o-cachorro.mp3","Animais","P3 — futuro","falta gravar","futuro"
"Cadê o cavalo?","cade-o-cavalo.mp3","Animais","P3 — futuro","falta gravar","futuro"
"Cadê o coelho?","cade-o-coelho.mp3","Animais","P3 — futuro","falta gravar","futuro"
"Cadê o elefante?","cade-o-elefante.mp3","Animais","P3 — futuro","falta gravar","futuro"
"Cadê o gato?","cade-o-gato.mp3","Animais","P3 — futuro","falta gravar","futuro"
"Cadê o jacaré?","cade-o-jacare.mp3","Animais","P3 — futuro","falta gravar","futuro"
"Cadê o leão?","cade-o-leao.mp3","Animais","P3 — futuro","falta gravar","futuro"
"Cadê o lobo?","cade-o-lobo.mp3","Animais","P3 — futuro","falta gravar","futuro"
"Cadê o macaco?","cade-o-macaco.mp3","Animais","P3 — futuro","falta gravar","futuro"
"Cadê o passarinho?","cade-o-passarinho.mp3","Animais","P3 — futuro","falta gravar","futuro"
"Cadê o pato?","cade-o-pato.mp3","Animais","P3 — futuro","falta gravar","futuro"
"Cadê o peixe?","cade-o-peixe.mp3","Animais","P3 — futuro","falta gravar","futuro"
"Cadê o pinguim?","cade-o-pinguim.mp3","Animais","P3 — futuro","falta gravar","futuro"
"Cadê o porco?","cade-o-porco.mp3","Animais","P3 — futuro","falta gravar","futuro"
"Cadê o rato?","cade-o-rato.mp3","Animais","P3 — futuro","falta gravar","futuro"
"Cadê o sapo?","cade-o-sapo.mp3","Animais","P3 — futuro","falta gravar","futuro"
"Cadê o tigre?","cade-o-tigre.mp3","Animais","P3 — futuro","falta gravar","futuro"
"Cadê o urso?","cade-o-urso.mp3","Animais","P3 — futuro","falta gravar","futuro"
"Cavalo","cavalo.mp3","Animais","P3 — futuro","gravado","futuro"
"Cobra","cobra.mp3","Animais","P3 — futuro","gravado","futuro"
"Coelho","coelho.mp3","Animais","P3 — futuro","gravado","futuro"
"Coruja","coruja.mp3","Animais","P3 — futuro","falta gravar","futuro"
"Elefante","elefante.mp3","Animais","P3 — futuro","gravado","futuro"
"Formiga","formiga.mp3","Animais","P3 — futuro","falta gravar","futuro"
"Fuuuu!","fuuuu.mp3","Animais","P3 — futuro","falta gravar","futuro"
"Girafa","girafa.mp3","Animais","P3 — futuro","gravado","futuro"
"Grrrr!","grrrr.mp3","Animais","P3 — futuro","falta gravar","futuro"
"Ic ic!","ic-ic.mp3","Animais","P3 — futuro","falta gravar","futuro"
"Iiiirrí!","iiiirri.mp3","Animais","P3 — futuro","falta gravar","futuro"
"Jacaré","jacare.mp3","Animais","P3 — futuro","gravado","futuro"
"Lobo","lobo.mp3","Animais","P3 — futuro","gravado","futuro"
"Macaco","macaco.mp3","Animais","P3 — futuro","gravado","futuro"
"Méééé!","meeee.mp3","Animais","P3 — futuro","falta gravar","futuro"
"O cachorro faz au au!","o-cachorro-faz-au-au.mp3","Animais","P3 — futuro","falta gravar","futuro"
"O cavalo faz iiiirrí!","o-cavalo-faz-iiiirri.mp3","Animais","P3 — futuro","falta gravar","futuro"
"O elefante faz fuuuu!","o-elefante-faz-fuuuu.mp3","Animais","P3 — futuro","falta gravar","futuro"
"O gato faz miau!","o-gato-faz-miau.mp3","Animais","P3 — futuro","falta gravar","futuro"
"O leão faz grrr!","o-leao-faz-grrr.mp3","Animais","P3 — futuro","falta gravar","futuro"
"O lobo faz auuuuu!","o-lobo-faz-auuuuu.mp3","Animais","P3 — futuro","falta gravar","futuro"
"O macaco faz uh uh ah ah!","o-macaco-faz-uh-uh-ah-ah.mp3","Animais","P3 — futuro","falta gravar","futuro"
"O passarinho faz piu piu!","o-passarinho-faz-piu-piu.mp3","Animais","P3 — futuro","falta gravar","futuro"
"O pato faz quá quá!","o-pato-faz-qua-qua.mp3","Animais","P3 — futuro","falta gravar","futuro"
"O peixe faz blub blub!","o-peixe-faz-blub-blub.mp3","Animais","P3 — futuro","falta gravar","futuro"
"O porco faz óinc óinc!","o-porco-faz-oinc-oinc.mp3","Animais","P3 — futuro","falta gravar","futuro"
"O rato faz ic ic!","o-rato-faz-ic-ic.mp3","Animais","P3 — futuro","falta gravar","futuro"
"O sapo faz croac!","o-sapo-faz-croac.mp3","Animais","P3 — futuro","falta gravar","futuro"
"O tigre faz grrr!","o-tigre-faz-grrr.mp3","Animais","P3 — futuro","falta gravar","futuro"
"O urso faz grrrr!","o-urso-faz-grrrr.mp3","Animais","P3 — futuro","falta gravar","futuro"
"Óinc óinc!","oinc-oinc.mp3","Animais","P3 — futuro","falta gravar","futuro"
"Onde está a abelha?","onde-esta-a-abelha.mp3","Animais","P3 — futuro","falta gravar","futuro"
"Onde está a baleia?","onde-esta-a-baleia.mp3","Animais","P3 — futuro","falta gravar","futuro"
"Onde está a borboleta?","onde-esta-a-borboleta.mp3","Animais","P3 — futuro","falta gravar","futuro"
"Onde está a cobra?","onde-esta-a-cobra.mp3","Animais","P3 — futuro","falta gravar","futuro"
"Onde está a coruja?","onde-esta-a-coruja.mp3","Animais","P3 — futuro","falta gravar","futuro"
"Onde está a formiga?","onde-esta-a-formiga.mp3","Animais","P3 — futuro","falta gravar","futuro"
"Onde está a girafa?","onde-esta-a-girafa.mp3","Animais","P3 — futuro","falta gravar","futuro"
"Onde está a ovelha?","onde-esta-a-ovelha.mp3","Animais","P3 — futuro","falta gravar","futuro"
"Onde está a tartaruga?","onde-esta-a-tartaruga.mp3","Animais","P3 — futuro","falta gravar","futuro"
"Onde está a zebra?","onde-esta-a-zebra.mp3","Animais","P3 — futuro","falta gravar","futuro"
"Onde está o cavalo?","onde-esta-o-cavalo.mp3","Animais","P3 — futuro","falta gravar","futuro"
"Onde está o coelho?","onde-esta-o-coelho.mp3","Animais","P3 — futuro","falta gravar","futuro"
"Onde está o elefante?","onde-esta-o-elefante.mp3","Animais","P3 — futuro","falta gravar","futuro"
"Onde está o jacaré?","onde-esta-o-jacare.mp3","Animais","P3 — futuro","falta gravar","futuro"
"Onde está o lobo?","onde-esta-o-lobo.mp3","Animais","P3 — futuro","falta gravar","futuro"
"Onde está o macaco?","onde-esta-o-macaco.mp3","Animais","P3 — futuro","falta gravar","futuro"
"Onde está o passarinho?","onde-esta-o-passarinho.mp3","Animais","P3 — futuro","falta gravar","futuro"
"Onde está o peixe?","onde-esta-o-peixe.mp3","Animais","P3 — futuro","falta gravar","futuro"
"Onde está o pinguim?","onde-esta-o-pinguim.mp3","Animais","P3 — futuro","falta gravar","futuro"
"Onde está o porco?","onde-esta-o-porco.mp3","Animais","P3 — futuro","falta gravar","futuro"
"Onde está o rato?","onde-esta-o-rato.mp3","Animais","P3 — futuro","falta gravar","futuro"
"Onde está o tigre?","onde-esta-o-tigre.mp3","Animais","P3 — futuro","falta gravar","futuro"
"Onde está o urso?","onde-esta-o-urso.mp3","Animais","P3 — futuro","falta gravar","futuro"
"Ovelha","ovelha.mp3","Animais","P3 — futuro","gravado","futuro"
"Passarinho","passarinho.mp3","Animais","P3 — futuro","gravado","futuro"
"Peixe","peixe.mp3","Animais","P3 — futuro","falta gravar","futuro"
"Pinguim","pinguim.mp3","Animais","P3 — futuro","falta gravar","futuro"
"Piu piu!","piu-piu.mp3","Animais","P3 — futuro","falta gravar","futuro"
"Porco","porco.mp3","Animais","P3 — futuro","gravado","futuro"
"Rato","rato.mp3","Animais","P3 — futuro","falta gravar","futuro"
"Sssss!","sssss.mp3","Animais","P3 — futuro","falta gravar","futuro"
"Tartaruga","tartaruga.mp3","Animais","P3 — futuro","gravado","futuro"
"Tigre","tigre.mp3","Animais","P3 — futuro","gravado","futuro"
"Uh uh ah ah!","uh-uh-ah-ah.mp3","Animais","P3 — futuro","falta gravar","futuro"
"Uhu uhu!","uhu-uhu.mp3","Animais","P3 — futuro","falta gravar","futuro"
"Urso","urso.mp3","Animais","P3 — futuro","gravado","futuro"
"Uuuuu!","uuuuu.mp3","Animais","P3 — futuro","falta gravar","futuro"
"Zebra","zebra.mp3","Animais","P3 — futuro","gravado","futuro"
"Zzzz!","zzzz.mp3","Animais","P3 — futuro","falta gravar","futuro"
"Arco-íris","arco-iris.mp3","Clima","P3 — futuro","falta gravar","futuro"
"Calor","calor.mp3","Clima","P3 — futuro","gravado","futuro"
"Chuva","chuva.mp3","Clima","P3 — futuro","gravado","futuro"
"Está calor!","esta-calor.mp3","Clima","P3 — futuro","falta gravar","futuro"
"Está chovendo!","esta-chovendo.mp3","Clima","P3 — futuro","falta gravar","futuro"
"Está fazendo sol!","esta-fazendo-sol.mp3","Clima","P3 — futuro","falta gravar","futuro"
"Está frio!","esta-frio.mp3","Clima","P3 — futuro","falta gravar","futuro"
"Frio","frio.mp3","Clima","P3 — futuro","gravado","futuro"
"Neve","neve.mp3","Clima","P3 — futuro","gravado","futuro"
"Nuvem","nuvem.mp3","Clima","P3 — futuro","gravado","futuro"
"Sol","sol.mp3","Clima","P3 — futuro","gravado","futuro"
"Trovão","trovao.mp3","Clima","P3 — futuro","falta gravar","futuro"
"Vento","vento.mp3","Clima","P3 — futuro","gravado","futuro"
"Abacaxi","abacaxi.mp3","Comidas","P3 — futuro","gravado","futuro"
"Arroz","arroz.mp3","Comidas","P3 — futuro","falta gravar","futuro"
"Batata","batata.mp3","Comidas","P3 — futuro","gravado","futuro"
"Biscoito","biscoito.mp3","Comidas","P3 — futuro","gravado","futuro"
"Bolo","bolo.mp3","Comidas","P3 — futuro","gravado","futuro"
"Brócolis","brocolis.mp3","Comidas","P3 — futuro","falta gravar","futuro"
"Cenoura","cenoura.mp3","Comidas","P3 — futuro","gravado","futuro"
"Feijão","feijao.mp3","Comidas","P3 — futuro","falta gravar","futuro"
"Leite","leite.mp3","Comidas","P3 — futuro","gravado","futuro"
"Mamão","mamao.mp3","Comidas","P3 — futuro","gravado","futuro"
"Manga","manga.mp3","Comidas","P3 — futuro","falta gravar","futuro"
"Melancia","melancia.mp3","Comidas","P3 — futuro","gravado","futuro"
"Morango","morango.mp3","Comidas","P3 — futuro","gravado","futuro"
"Onde está a banana?","onde-esta-a-banana.mp3","Comidas","P3 — futuro","falta gravar","futuro"
"Onde está a batata?","onde-esta-a-batata.mp3","Comidas","P3 — futuro","falta gravar","futuro"
"Onde está a cenoura?","onde-esta-a-cenoura.mp3","Comidas","P3 — futuro","falta gravar","futuro"
"Onde está a laranja?","onde-esta-a-laranja.mp3","Comidas","P3 — futuro","falta gravar","futuro"
"Onde está a maçã?","onde-esta-a-maca.mp3","Comidas","P3 — futuro","falta gravar","futuro"
"Onde está a manga?","onde-esta-a-manga.mp3","Comidas","P3 — futuro","falta gravar","futuro"
"Onde está a melancia?","onde-esta-a-melancia.mp3","Comidas","P3 — futuro","falta gravar","futuro"
"Onde está a pera?","onde-esta-a-pera.mp3","Comidas","P3 — futuro","falta gravar","futuro"
"Onde está a sopa?","onde-esta-a-sopa.mp3","Comidas","P3 — futuro","falta gravar","futuro"
"Onde está a uva?","onde-esta-a-uva.mp3","Comidas","P3 — futuro","falta gravar","futuro"
"Onde está o abacaxi?","onde-esta-o-abacaxi.mp3","Comidas","P3 — futuro","falta gravar","futuro"
"Onde está o arroz?","onde-esta-o-arroz.mp3","Comidas","P3 — futuro","falta gravar","futuro"
"Onde está o biscoito?","onde-esta-o-biscoito.mp3","Comidas","P3 — futuro","falta gravar","futuro"
"Onde está o bolo?","onde-esta-o-bolo.mp3","Comidas","P3 — futuro","falta gravar","futuro"
"Onde está o brócolis?","onde-esta-o-brocolis.mp3","Comidas","P3 — futuro","falta gravar","futuro"
"Onde está o feijão?","onde-esta-o-feijao.mp3","Comidas","P3 — futuro","falta gravar","futuro"
"Onde está o leite?","onde-esta-o-leite.mp3","Comidas","P3 — futuro","falta gravar","futuro"
"Onde está o mamão?","onde-esta-o-mamao.mp3","Comidas","P3 — futuro","falta gravar","futuro"
"Onde está o morango?","onde-esta-o-morango.mp3","Comidas","P3 — futuro","falta gravar","futuro"
"Onde está o ovo?","onde-esta-o-ovo.mp3","Comidas","P3 — futuro","falta gravar","futuro"
"Onde está o pão?","onde-esta-o-pao.mp3","Comidas","P3 — futuro","falta gravar","futuro"
"Onde está o queijo?","onde-esta-o-queijo.mp3","Comidas","P3 — futuro","falta gravar","futuro"
"Onde está o suco?","onde-esta-o-suco.mp3","Comidas","P3 — futuro","falta gravar","futuro"
"Ovo","ovo.mp3","Comidas","P3 — futuro","falta gravar","futuro"
"Pão","pao.mp3","Comidas","P3 — futuro","gravado","futuro"
"Pera","pera.mp3","Comidas","P3 — futuro","gravado","futuro"
"Queijo","queijo.mp3","Comidas","P3 — futuro","gravado","futuro"
"Sopa","sopa.mp3","Comidas","P3 — futuro","falta gravar","futuro"
"Suco","suco.mp3","Comidas","P3 — futuro","gravado","futuro"
"Uva","uva.mp3","Comidas","P3 — futuro","gravado","futuro"
"Cinza","cinza.mp3","Cores","P3 — futuro","gravado","futuro"
"Dourado","dourado.mp3","Cores","P3 — futuro","gravado","futuro"
"Onde está a cor cinza?","onde-esta-a-cor-cinza.mp3","Cores","P3 — futuro","falta gravar","futuro"
"Onde está a cor dourado?","onde-esta-a-cor-dourado.mp3","Cores","P3 — futuro","falta gravar","futuro"
"Barriga","barriga.mp3","Corpo","P3 — futuro","gravado","futuro"
"Bochecha","bochecha.mp3","Corpo","P3 — futuro","falta gravar","futuro"
"Braço","braco.mp3","Corpo","P3 — futuro","falta gravar","futuro"
"Cabelo","cabelo.mp3","Corpo","P3 — futuro","gravado","futuro"
"Dedo","dedo.mp3","Corpo","P3 — futuro","falta gravar","futuro"
"Dente","dente.mp3","Corpo","P3 — futuro","falta gravar","futuro"
"Joelho","joelho.mp3","Corpo","P3 — futuro","falta gravar","futuro"
"Língua","lingua.mp3","Corpo","P3 — futuro","gravado","futuro"
"Mostre a barriga!","mostre-a-barriga.mp3","Corpo","P3 — futuro","falta gravar","futuro"
"Mostre a boca!","mostre-a-boca.mp3","Corpo","P3 — futuro","falta gravar","futuro"
"Mostre a bochecha!","mostre-a-bochecha.mp3","Corpo","P3 — futuro","falta gravar","futuro"
"Mostre a cabeça!","mostre-a-cabeca.mp3","Corpo","P3 — futuro","falta gravar","futuro"
"Mostre a língua!","mostre-a-lingua.mp3","Corpo","P3 — futuro","falta gravar","futuro"
"Mostre a mão!","mostre-a-mao.mp3","Corpo","P3 — futuro","falta gravar","futuro"
"Mostre a orelha!","mostre-a-orelha.mp3","Corpo","P3 — futuro","falta gravar","futuro"
"Mostre a perna!","mostre-a-perna.mp3","Corpo","P3 — futuro","falta gravar","futuro"
"Mostre o braço!","mostre-o-braco.mp3","Corpo","P3 — futuro","falta gravar","futuro"
"Mostre o cabelo!","mostre-o-cabelo.mp3","Corpo","P3 — futuro","falta gravar","futuro"
"Mostre o dedo!","mostre-o-dedo.mp3","Corpo","P3 — futuro","falta gravar","futuro"
"Mostre o dente!","mostre-o-dente.mp3","Corpo","P3 — futuro","falta gravar","futuro"
"Mostre o joelho!","mostre-o-joelho.mp3","Corpo","P3 — futuro","falta gravar","futuro"
"Mostre o nariz!","mostre-o-nariz.mp3","Corpo","P3 — futuro","falta gravar","futuro"
"Mostre o olho!","mostre-o-olho.mp3","Corpo","P3 — futuro","falta gravar","futuro"
"Mostre o pé!","mostre-o-pe.mp3","Corpo","P3 — futuro","falta gravar","futuro"
"Mostre o pescoço!","mostre-o-pescoco.mp3","Corpo","P3 — futuro","falta gravar","futuro"
"Onde está a barriga?","onde-esta-a-barriga.mp3","Corpo","P3 — futuro","falta gravar","futuro"
"Onde está a bochecha?","onde-esta-a-bochecha.mp3","Corpo","P3 — futuro","falta gravar","futuro"
"Onde está a língua?","onde-esta-a-lingua.mp3","Corpo","P3 — futuro","falta gravar","futuro"
"Onde está a orelha?","onde-esta-a-orelha.mp3","Corpo","P3 — futuro","falta gravar","futuro"
"Onde está a perna?","onde-esta-a-perna.mp3","Corpo","P3 — futuro","falta gravar","futuro"
"Onde está o braço?","onde-esta-o-braco.mp3","Corpo","P3 — futuro","falta gravar","futuro"
"Onde está o cabelo?","onde-esta-o-cabelo.mp3","Corpo","P3 — futuro","falta gravar","futuro"
"Onde está o dedo?","onde-esta-o-dedo.mp3","Corpo","P3 — futuro","falta gravar","futuro"
"Onde está o dente?","onde-esta-o-dente.mp3","Corpo","P3 — futuro","falta gravar","futuro"
"Onde está o joelho?","onde-esta-o-joelho.mp3","Corpo","P3 — futuro","falta gravar","futuro"
"Onde está o pescoço?","onde-esta-o-pescoco.mp3","Corpo","P3 — futuro","falta gravar","futuro"
"Orelha","orelha.mp3","Corpo","P3 — futuro","falta gravar","futuro"
"Perna","perna.mp3","Corpo","P3 — futuro","falta gravar","futuro"
"Pescoço","pescoco.mp3","Corpo","P3 — futuro","falta gravar","futuro"
"Animado","animado.mp3","Emoções","P3 — futuro","gravado","futuro"
"Bravo","bravo.mp3","Emoções","P3 — futuro","falta gravar","futuro"
"Calmo","calmo.mp3","Emoções","P3 — futuro","gravado","futuro"
"Cansado","cansado.mp3","Emoções","P3 — futuro","falta gravar","futuro"
"Com fome","com-fome.mp3","Emoções","P3 — futuro","falta gravar","futuro"
"Com medo","com-medo.mp3","Emoções","P3 — futuro","falta gravar","futuro"
"Com sono","com-sono.mp3","Emoções","P3 — futuro","falta gravar","futuro"
"Como você está se sentindo?","como-voce-esta-se-sentindo.mp3","Emoções","P3 — futuro","falta gravar","futuro"
"Eu estou animado.","eu-estou-animado.mp3","Emoções","P3 — futuro","falta gravar","futuro"
"Eu estou bravo.","eu-estou-bravo.mp3","Emoções","P3 — futuro","falta gravar","futuro"
"Eu estou calmo.","eu-estou-calmo.mp3","Emoções","P3 — futuro","falta gravar","futuro"
"Eu estou cansado.","eu-estou-cansado.mp3","Emoções","P3 — futuro","falta gravar","futuro"
"Eu estou com fome.","eu-estou-com-fome.mp3","Emoções","P3 — futuro","falta gravar","futuro"
"Eu estou com medo.","eu-estou-com-medo.mp3","Emoções","P3 — futuro","falta gravar","futuro"
"Eu estou com sono.","eu-estou-com-sono.mp3","Emoções","P3 — futuro","falta gravar","futuro"
"Eu estou feliz.","eu-estou-feliz.mp3","Emoções","P3 — futuro","falta gravar","futuro"
"Eu estou surpreso.","eu-estou-surpreso.mp3","Emoções","P3 — futuro","falta gravar","futuro"
"Eu estou triste.","eu-estou-triste.mp3","Emoções","P3 — futuro","falta gravar","futuro"
"Feliz","feliz.mp3","Emoções","P3 — futuro","gravado","futuro"
"Surpreso","surpreso.mp3","Emoções","P3 — futuro","gravado","futuro"
"Triste","triste.mp3","Emoções","P3 — futuro","gravado","futuro"
"Tudo bem ficar triste às vezes.","tudo-bem-ficar-triste-as-vezes.mp3","Emoções","P3 — futuro","falta gravar","futuro"
"Vamos respirar juntos?","vamos-respirar-juntos.mp3","Emoções","P3 — futuro","falta gravar","futuro"
"Amiga","amiga.mp3","Família e pessoas","P3 — futuro","falta gravar","futuro"
"Amigo","amigo.mp3","Família e pessoas","P3 — futuro","falta gravar","futuro"
"Bebê","bebe.mp3","Família e pessoas","P3 — futuro","falta gravar","futuro"
"Irmã","irma.mp3","Família e pessoas","P3 — futuro","falta gravar","futuro"
"Irmão","irmao.mp3","Família e pessoas","P3 — futuro","falta gravar","futuro"
"Professor","professor.mp3","Família e pessoas","P3 — futuro","falta gravar","futuro"
"Professora","professora.mp3","Família e pessoas","P3 — futuro","falta gravar","futuro"
"Titia","titia.mp3","Família e pessoas","P3 — futuro","falta gravar","futuro"
"Titio","titio.mp3","Família e pessoas","P3 — futuro","falta gravar","futuro"
"Vovó","vovo.mp3","Família e pessoas","P3 — futuro","falta gravar","futuro"
"Círculo","circulo.mp3","Formas","P3 — futuro","gravado","futuro"
"Losango","losango.mp3","Formas","P3 — futuro","gravado","futuro"
"Onde está a estrela?","onde-esta-a-estrela.mp3","Formas","P3 — futuro","falta gravar","futuro"
"Onde está o círculo?","onde-esta-o-circulo.mp3","Formas","P3 — futuro","falta gravar","futuro"
"Onde está o coração?","onde-esta-o-coracao.mp3","Formas","P3 — futuro","falta gravar","futuro"
"Onde está o losango?","onde-esta-o-losango.mp3","Formas","P3 — futuro","falta gravar","futuro"
"Onde está o oval?","onde-esta-o-oval.mp3","Formas","P3 — futuro","falta gravar","futuro"
"Onde está o quadrado?","onde-esta-o-quadrado.mp3","Formas","P3 — futuro","falta gravar","futuro"
"Onde está o retângulo?","onde-esta-o-retangulo.mp3","Formas","P3 — futuro","falta gravar","futuro"
"Onde está o triângulo?","onde-esta-o-triangulo.mp3","Formas","P3 — futuro","falta gravar","futuro"
"Oval","oval.mp3","Formas","P3 — futuro","gravado","futuro"
"Quadrado","quadrado.mp3","Formas","P3 — futuro","gravado","futuro"
"Retângulo","retangulo.mp3","Formas","P3 — futuro","gravado","futuro"
"Triângulo","triangulo.mp3","Formas","P3 — futuro","gravado","futuro"
"Boa tentativa!","boa-tentativa.mp3","Incentivos","P3 — futuro","falta gravar","futuro"
"Continue assim!","continue-assim.mp3","Incentivos","P3 — futuro","falta gravar","futuro"
"Eu sabia que você conseguia!","eu-sabia-que-voce-conseguia.mp3","Incentivos","P3 — futuro","falta gravar","futuro"
"Isso mesmo!","isso-mesmo.mp3","Incentivos","P3 — futuro","gravado","futuro"
"Mandou bem!","mandou-bem.mp3","Incentivos","P3 — futuro","falta gravar","futuro"
"Olha só o que você fez!","olha-so-o-que-voce-fez.mp3","Incentivos","P3 — futuro","falta gravar","futuro"
"Parabéns!","parabens.mp3","Incentivos","P3 — futuro","gravado","futuro"
"Quase lá!","quase-la.mp3","Incentivos","P3 — futuro","falta gravar","futuro"
"Que bonito!","que-bonito.mp3","Incentivos","P3 — futuro","falta gravar","futuro"
"Que divertido!","que-divertido.mp3","Incentivos","P3 — futuro","gravado","futuro"
"Que legal!","que-legal.mp3","Incentivos","P3 — futuro","gravado","futuro"
"Que orgulho!","que-orgulho.mp3","Incentivos","P3 — futuro","falta gravar","futuro"
"Respira fundo e tenta de novo.","respira-fundo-e-tenta-de-novo.mp3","Incentivos","P3 — futuro","falta gravar","futuro"
"Sem pressa.","sem-pressa.mp3","Incentivos","P3 — futuro","falta gravar","futuro"
"Tente outra vez!","tente-outra-vez.mp3","Incentivos","P3 — futuro","falta gravar","futuro"
"Uau!","uau.mp3","Incentivos","P3 — futuro","falta gravar","futuro"
"Vamos juntos?","vamos-juntos.mp3","Incentivos","P3 — futuro","falta gravar","futuro"
"Você conseguiu!","voce-conseguiu.mp3","Incentivos","P3 — futuro","gravado","futuro"
"Você é demais!","voce-e-demais.mp3","Incentivos","P3 — futuro","gravado","futuro"
"Você está aprendendo muito!","voce-esta-aprendendo-muito.mp3","Incentivos","P3 — futuro","falta gravar","futuro"
"Agora é a sua vez.","agora-e-a-sua-vez.mp3","Instruções gerais","P3 — futuro","falta gravar","futuro"
"Agora outra!","agora-outra.mp3","Instruções gerais","P3 — futuro","falta gravar","futuro"
"Arraste até aqui.","arraste-ate-aqui.mp3","Instruções gerais","P3 — futuro","falta gravar","futuro"
"Até amanhã!","ate-amanha.mp3","Instruções gerais","P3 — futuro","falta gravar","futuro"
"Escolha um mundo.","escolha-um-mundo.mp3","Instruções gerais","P3 — futuro","falta gravar","futuro"
"Escolha um.","escolha-um.mp3","Instruções gerais","P3 — futuro","falta gravar","futuro"
"Escolha uma brincadeira.","escolha-uma-brincadeira.mp3","Instruções gerais","P3 — futuro","falta gravar","futuro"
"Escute com atenção.","escute-com-atencao.mp3","Instruções gerais","P3 — futuro","falta gravar","futuro"
"Faça silêncio. Shhh!","faca-silencio-shhh.mp3","Instruções gerais","P3 — futuro","falta gravar","futuro"
"Fale junto comigo.","fale-junto-comigo.mp3","Instruções gerais","P3 — futuro","falta gravar","futuro"
"Mande um beijo!","mande-um-beijo.mp3","Instruções gerais","P3 — futuro","falta gravar","futuro"
"O que rima?","o-que-rima.mp3","Instruções gerais","P3 — futuro","falta gravar","futuro"
"O que vem depois?","o-que-vem-depois.mp3","Instruções gerais","P3 — futuro","falta gravar","futuro"
"Olhe com atenção.","olhe-com-atencao.mp3","Instruções gerais","P3 — futuro","falta gravar","futuro"
"Qual começa igual?","qual-comeca-igual.mp3","Instruções gerais","P3 — futuro","falta gravar","futuro"
"Qual é o maior?","qual-e-o-maior.mp3","Instruções gerais","P3 — futuro","falta gravar","futuro"
"Qual é o menor?","qual-e-o-menor.mp3","Instruções gerais","P3 — futuro","falta gravar","futuro"
"Quantos tem?","quantos-tem.mp3","Instruções gerais","P3 — futuro","falta gravar","futuro"
"Que tal outra brincadeira?","que-tal-outra-brincadeira.mp3","Instruções gerais","P3 — futuro","falta gravar","futuro"
"Quer brincar de novo?","quer-brincar-de-novo.mp3","Instruções gerais","P3 — futuro","falta gravar","futuro"
"Repita comigo.","repita-comigo.mp3","Instruções gerais","P3 — futuro","falta gravar","futuro"
"Tchau, tchau!","tchau-tchau.mp3","Instruções gerais","P3 — futuro","falta gravar","futuro"
"Toque aqui.","toque-aqui.mp3","Instruções gerais","P3 — futuro","falta gravar","futuro"
"Toque na cor.","toque-na-cor.mp3","Instruções gerais","P3 — futuro","falta gravar","futuro"
"Toque na figura.","toque-na-figura.mp3","Instruções gerais","P3 — futuro","falta gravar","futuro"
"Toque no animal.","toque-no-animal.mp3","Instruções gerais","P3 — futuro","falta gravar","futuro"
"Vamos cantar?","vamos-cantar.mp3","Instruções gerais","P3 — futuro","falta gravar","futuro"
"Vamos contar juntos!","vamos-contar-juntos.mp3","Instruções gerais","P3 — futuro","gravado","futuro"
"Vamos dançar?","vamos-dancar.mp3","Instruções gerais","P3 — futuro","falta gravar","futuro"
"Vamos de novo?","vamos-de-novo.mp3","Instruções gerais","P3 — futuro","falta gravar","futuro"
"Vamos ouvir a história.","vamos-ouvir-a-historia.mp3","Instruções gerais","P3 — futuro","falta gravar","futuro"
"Vamos para o próximo.","vamos-para-o-proximo.mp3","Instruções gerais","P3 — futuro","falta gravar","futuro"
"Vamos ver seus adesivos!","vamos-ver-seus-adesivos.mp3","Instruções gerais","P3 — futuro","falta gravar","futuro"
"Você ganhou um adesivo!","voce-ganhou-um-adesivo.mp3","Instruções gerais","P3 — futuro","falta gravar","futuro"
"Você ganhou uma estrela!","voce-ganhou-uma-estrela.mp3","Instruções gerais","P3 — futuro","gravado","futuro"
"Animais","animais.mp3","Nomes das brincadeiras","P3 — futuro","falta gravar","para narrar a navegação no futuro"
"Balões dos Números","baloes-dos-numeros.mp3","Nomes das brincadeiras","P3 — futuro","falta gravar","para narrar a navegação no futuro"
"Bolhas","bolhas.mp3","Nomes das brincadeiras","P3 — futuro","falta gravar","para narrar a navegação no futuro"
"Brincar com Sílabas","brincar-com-silabas.mp3","Nomes das brincadeiras","P3 — futuro","falta gravar","para narrar a navegação no futuro"
"Brinque com o Ritmo","brinque-com-o-ritmo.mp3","Nomes das brincadeiras","P3 — futuro","falta gravar","para narrar a navegação no futuro"
"Caça às Cores","caca-as-cores.mp3","Nomes das brincadeiras","P3 — futuro","falta gravar","para narrar a navegação no futuro"
"Com Que Som Começa?","com-que-som-comeca.mp3","Nomes das brincadeiras","P3 — futuro","falta gravar","para narrar a navegação no futuro"
"Complete a Sequência","complete-a-sequencia.mp3","Nomes das brincadeiras","P3 — futuro","falta gravar","para narrar a navegação no futuro"
"Contar Tocando","contar-tocando.mp3","Nomes das brincadeiras","P3 — futuro","falta gravar","para narrar a navegação no futuro"
"Copie o Ritmo","copie-o-ritmo.mp3","Nomes das brincadeiras","P3 — futuro","falta gravar","para narrar a navegação no futuro"
"Cores","cores.mp3","Nomes das brincadeiras","P3 — futuro","falta gravar","para narrar a navegação no futuro"
"Cores para Descobrir","cores-para-descobrir.mp3","Nomes das brincadeiras","P3 — futuro","falta gravar","para narrar a navegação no futuro"
"Desafio do Movimento","desafio-do-movimento.mp3","Nomes das brincadeiras","P3 — futuro","falta gravar","para narrar a navegação no futuro"
"Descobrir Animais","descobrir-animais.mp3","Nomes das brincadeiras","P3 — futuro","falta gravar","para narrar a navegação no futuro"
"Descobrir com as Mãos","descobrir-com-as-maos.mp3","Nomes das brincadeiras","P3 — futuro","falta gravar","para narrar a navegação no futuro"
"Descobrir Cores","descobrir-cores.mp3","Nomes das brincadeiras","P3 — futuro","falta gravar","para narrar a navegação no futuro"
"Descobrir Objetos","descobrir-objetos.mp3","Nomes das brincadeiras","P3 — futuro","falta gravar","para narrar a navegação no futuro"
"Encaixe as Formas","encaixe-as-formas.mp3","Nomes das brincadeiras","P3 — futuro","falta gravar","para narrar a navegação no futuro"
"Encaixe e Quebra-Cabeça","encaixe-e-quebra-cabeca.mp3","Nomes das brincadeiras","P3 — futuro","falta gravar","para narrar a navegação no futuro"
"Encontre a Cor","encontre-a-cor.mp3","Nomes das brincadeiras","P3 — futuro","gravado","para narrar a navegação no futuro"
"Encontre o Animal","encontre-o-animal.mp3","Nomes das brincadeiras","P3 — futuro","falta gravar","para narrar a navegação no futuro"
"Encontre o Par","encontre-o-par.mp3","Nomes das brincadeiras","P3 — futuro","falta gravar","para narrar a navegação no futuro"
"Esconde-esconde","esconde-esconde.mp3","Nomes das brincadeiras","P3 — futuro","falta gravar","para narrar a navegação no futuro"
"Eu Quero…","eu-quero.mp3","Nomes das brincadeiras","P3 — futuro","falta gravar","para narrar a navegação no futuro"
"Frases em Ação","frases-em-acao.mp3","Nomes das brincadeiras","P3 — futuro","falta gravar","para narrar a navegação no futuro"
"Grande e Pequeno","grande-e-pequeno.mp3","Nomes das brincadeiras","P3 — futuro","falta gravar","para narrar a navegação no futuro"
"História Interativa","historia-interativa.mp3","Nomes das brincadeiras","P3 — futuro","falta gravar","para narrar a navegação no futuro"
"Hora da História","hora-da-historia.mp3","Nomes das brincadeiras","P3 — futuro","falta gravar","para narrar a navegação no futuro"
"Lousa Mágica","lousa-magica.mp3","Nomes das brincadeiras","P3 — futuro","falta gravar","para narrar a navegação no futuro"
"Memória","memoria.mp3","Nomes das brincadeiras","P3 — futuro","falta gravar","para narrar a navegação no futuro"
"Meu Corpo","meu-corpo.mp3","Nomes das brincadeiras","P3 — futuro","falta gravar","para narrar a navegação no futuro"
"Mexa o Corpo!","mexa-o-corpo.mp3","Nomes das brincadeiras","P3 — futuro","falta gravar","para narrar a navegação no futuro"
"Montar Frases","montar-frases.mp3","Nomes das brincadeiras","P3 — futuro","falta gravar","para narrar a navegação no futuro"
"Mundo das Formas","mundo-das-formas.mp3","Nomes das brincadeiras","P3 — futuro","falta gravar","para narrar a navegação no futuro"
"Número e Quantidade","numero-e-quantidade.mp3","Nomes das brincadeiras","P3 — futuro","falta gravar","para narrar a navegação no futuro"
"Opostos Divertidos","opostos-divertidos.mp3","Nomes das brincadeiras","P3 — futuro","falta gravar","para narrar a navegação no futuro"
"Ordem dos Números","ordem-dos-numeros.mp3","Nomes das brincadeiras","P3 — futuro","falta gravar","para narrar a navegação no futuro"
"Ouça e Encontre","ouca-e-encontre.mp3","Nomes das brincadeiras","P3 — futuro","falta gravar","para narrar a navegação no futuro"
"Palavras do Dia","palavras-do-dia.mp3","Nomes das brincadeiras","P3 — futuro","falta gravar","para narrar a navegação no futuro"
"Piano dos Animais","piano-dos-animais.mp3","Nomes das brincadeiras","P3 — futuro","falta gravar","para narrar a navegação no futuro"
"Quem Fez Esse Som?","quem-fez-esse-som.mp3","Nomes das brincadeiras","P3 — futuro","falta gravar","para narrar a navegação no futuro; futuro"
"Quem Pertence ao Grupo?","quem-pertence-ao-grupo.mp3","Nomes das brincadeiras","P3 — futuro","falta gravar","para narrar a navegação no futuro"
"Rimas Divertidas","rimas-divertidas.mp3","Nomes das brincadeiras","P3 — futuro","falta gravar","para narrar a navegação no futuro"
"Ritmo Musical","ritmo-musical.mp3","Nomes das brincadeiras","P3 — futuro","falta gravar","para narrar a navegação no futuro"
"Separar por Cor","separar-por-cor.mp3","Nomes das brincadeiras","P3 — futuro","falta gravar","para narrar a navegação no futuro"
"Sequência de Sons","sequencia-de-sons.mp3","Nomes das brincadeiras","P3 — futuro","falta gravar","para narrar a navegação no futuro"
"Sons e Descobertas","sons-e-descobertas.mp3","Nomes das brincadeiras","P3 — futuro","falta gravar","para narrar a navegação no futuro"
"Vamos Contar","vamos-contar.mp3","Nomes das brincadeiras","P3 — futuro","falta gravar","para narrar a navegação no futuro"
"Número 1","numero-1.mp3","Números","P3 — futuro","gravado","futuro"
"Número 10","numero-10.mp3","Números","P3 — futuro","gravado","futuro"
"Número 11","numero-11.mp3","Números","P3 — futuro","gravado","futuro"
"Número 12","numero-12.mp3","Números","P3 — futuro","gravado","futuro"
"Número 13","numero-13.mp3","Números","P3 — futuro","gravado","futuro"
"Número 14","numero-14.mp3","Números","P3 — futuro","gravado","futuro"
"Número 15","numero-15.mp3","Números","P3 — futuro","gravado","futuro"
"Número 16","numero-16.mp3","Números","P3 — futuro","gravado","futuro"
"Número 17","numero-17.mp3","Números","P3 — futuro","gravado","futuro"
"Número 18","numero-18.mp3","Números","P3 — futuro","gravado","futuro"
"Número 19","numero-19.mp3","Números","P3 — futuro","gravado","futuro"
"Número 2","numero-2.mp3","Números","P3 — futuro","gravado","futuro"
"Número 20","numero-20.mp3","Números","P3 — futuro","gravado","futuro"
"Número 3","numero-3.mp3","Números","P3 — futuro","gravado","futuro"
"Número 4","numero-4.mp3","Números","P3 — futuro","gravado","futuro"
"Número 5","numero-5.mp3","Números","P3 — futuro","gravado","futuro"
"Número 6","numero-6.mp3","Números","P3 — futuro","gravado","futuro"
"Número 7","numero-7.mp3","Números","P3 — futuro","gravado","futuro"
"Número 8","numero-8.mp3","Números","P3 — futuro","gravado","futuro"
"Número 9","numero-9.mp3","Números","P3 — futuro","gravado","futuro"
"Onde está o número cinco?","onde-esta-o-numero-cinco.mp3","Números","P3 — futuro","falta gravar","futuro"
"Onde está o número dez?","onde-esta-o-numero-dez.mp3","Números","P3 — futuro","falta gravar","futuro"
"Onde está o número dois?","onde-esta-o-numero-dois.mp3","Números","P3 — futuro","falta gravar","futuro"
"Onde está o número nove?","onde-esta-o-numero-nove.mp3","Números","P3 — futuro","falta gravar","futuro"
"Onde está o número oito?","onde-esta-o-numero-oito.mp3","Números","P3 — futuro","falta gravar","futuro"
"Onde está o número quatro?","onde-esta-o-numero-quatro.mp3","Números","P3 — futuro","falta gravar","futuro"
"Onde está o número seis?","onde-esta-o-numero-seis.mp3","Números","P3 — futuro","falta gravar","futuro"
"Onde está o número sete?","onde-esta-o-numero-sete.mp3","Números","P3 — futuro","falta gravar","futuro"
"Onde está o número três?","onde-esta-o-numero-tres.mp3","Números","P3 — futuro","falta gravar","futuro"
"Onde está o número um?","onde-esta-o-numero-um.mp3","Números","P3 — futuro","falta gravar","futuro"
"Vamos contar até cinco!","vamos-contar-ate-cinco.mp3","Números","P3 — futuro","falta gravar","futuro"
"Vamos contar até dez!","vamos-contar-ate-dez.mp3","Números","P3 — futuro","falta gravar","futuro"
"Cadeira","cadeira.mp3","Objetos","P3 — futuro","falta gravar","futuro"
"Cama","cama.mp3","Objetos","P3 — futuro","falta gravar","futuro"
"Carrinho","carrinho.mp3","Objetos","P3 — futuro","falta gravar","futuro"
"Chapéu","chapeu.mp3","Objetos","P3 — futuro","falta gravar","futuro"
"Chave","chave.mp3","Objetos","P3 — futuro","falta gravar","futuro"
"Escova de dentes","escova-de-dentes.mp3","Objetos","P3 — futuro","falta gravar","futuro"
"Guarda-chuva","guarda-chuva.mp3","Objetos","P3 — futuro","falta gravar","futuro"
"Janela","janela.mp3","Objetos","P3 — futuro","falta gravar","futuro"
"Meia","meia.mp3","Objetos","P3 — futuro","falta gravar","futuro"
"Mesa","mesa.mp3","Objetos","P3 — futuro","falta gravar","futuro"
"Mochila","mochila.mp3","Objetos","P3 — futuro","falta gravar","futuro"
"Óculos","oculos.mp3","Objetos","P3 — futuro","falta gravar","futuro"
"Onde está a bola?","onde-esta-a-bola.mp3","Objetos","P3 — futuro","falta gravar","futuro"
"Onde está a boneca?","onde-esta-a-boneca.mp3","Objetos","P3 — futuro","falta gravar","futuro"
"Onde está a cadeira?","onde-esta-a-cadeira.mp3","Objetos","P3 — futuro","falta gravar","futuro"
"Onde está a cama?","onde-esta-a-cama.mp3","Objetos","P3 — futuro","falta gravar","futuro"
"Onde está a camisa?","onde-esta-a-camisa.mp3","Objetos","P3 — futuro","falta gravar","futuro"
"Onde está a chave?","onde-esta-a-chave.mp3","Objetos","P3 — futuro","falta gravar","futuro"
"Onde está a colher?","onde-esta-a-colher.mp3","Objetos","P3 — futuro","falta gravar","futuro"
"Onde está a escova de dentes?","onde-esta-a-escova-de-dentes.mp3","Objetos","P3 — futuro","falta gravar","futuro"
"Onde está a janela?","onde-esta-a-janela.mp3","Objetos","P3 — futuro","falta gravar","futuro"
"Onde está a meia?","onde-esta-a-meia.mp3","Objetos","P3 — futuro","falta gravar","futuro"
"Onde está a mesa?","onde-esta-a-mesa.mp3","Objetos","P3 — futuro","falta gravar","futuro"
"Onde está a mochila?","onde-esta-a-mochila.mp3","Objetos","P3 — futuro","falta gravar","futuro"
"Onde está a porta?","onde-esta-a-porta.mp3","Objetos","P3 — futuro","falta gravar","futuro"
"Onde está o carrinho?","onde-esta-o-carrinho.mp3","Objetos","P3 — futuro","falta gravar","futuro"
"Onde está o chapéu?","onde-esta-o-chapeu.mp3","Objetos","P3 — futuro","falta gravar","futuro"
"Onde está o copo?","onde-esta-o-copo.mp3","Objetos","P3 — futuro","falta gravar","futuro"
"Onde está o guarda-chuva?","onde-esta-o-guarda-chuva.mp3","Objetos","P3 — futuro","falta gravar","futuro"
"Onde está o livro?","onde-esta-o-livro.mp3","Objetos","P3 — futuro","falta gravar","futuro"
"Onde está o óculos?","onde-esta-o-oculos.mp3","Objetos","P3 — futuro","falta gravar","futuro"
"Onde está o prato?","onde-esta-o-prato.mp3","Objetos","P3 — futuro","falta gravar","futuro"
"Onde está o relógio?","onde-esta-o-relogio.mp3","Objetos","P3 — futuro","falta gravar","futuro"
"Onde está o sapato?","onde-esta-o-sapato.mp3","Objetos","P3 — futuro","falta gravar","futuro"
"Onde está o telefone?","onde-esta-o-telefone.mp3","Objetos","P3 — futuro","falta gravar","futuro"
"Onde está o travesseiro?","onde-esta-o-travesseiro.mp3","Objetos","P3 — futuro","falta gravar","futuro"
"Porta","porta.mp3","Objetos","P3 — futuro","falta gravar","futuro"
"Prato","prato.mp3","Objetos","P3 — futuro","falta gravar","futuro"
"Relógio","relogio.mp3","Objetos","P3 — futuro","falta gravar","futuro"
"Telefone","telefone.mp3","Objetos","P3 — futuro","falta gravar","futuro"
"Travesseiro","travesseiro.mp3","Objetos","P3 — futuro","falta gravar","futuro"
"Aberto","aberto.mp3","Opostos","P3 — futuro","falta gravar","futuro"
"Alto","alto.mp3","Opostos","P3 — futuro","falta gravar","futuro"
"Cheio","cheio.mp3","Opostos","P3 — futuro","falta gravar","futuro"
"Dentro","dentro.mp3","Opostos","P3 — futuro","falta gravar","futuro"
"Devagar","devagar.mp3","Opostos","P3 — futuro","falta gravar","futuro"
"Dia","dia.mp3","Opostos","P3 — futuro","gravado","futuro"
"Em cima","em-cima.mp3","Opostos","P3 — futuro","falta gravar","futuro"
"Embaixo","embaixo.mp3","Opostos","P3 — futuro","falta gravar","futuro"
"Fechado","fechado.mp3","Opostos","P3 — futuro","falta gravar","futuro"
"Fora","fora.mp3","Opostos","P3 — futuro","falta gravar","futuro"
"Grande","grande.mp3","Opostos","P3 — futuro","falta gravar","futuro"
"Limpo","limpo.mp3","Opostos","P3 — futuro","falta gravar","futuro"
"Longe","longe.mp3","Opostos","P3 — futuro","falta gravar","futuro"
"Molhado","molhado.mp3","Opostos","P3 — futuro","falta gravar","futuro"
"Perto","perto.mp3","Opostos","P3 — futuro","falta gravar","futuro"
"Qual é o contrário de aberto?","qual-e-o-contrario-de-aberto.mp3","Opostos","P3 — futuro","falta gravar","futuro"
"Qual é o contrário de dentro?","qual-e-o-contrario-de-dentro.mp3","Opostos","P3 — futuro","falta gravar","futuro"
"Qual é o contrário de em cima?","qual-e-o-contrario-de-em-cima.mp3","Opostos","P3 — futuro","falta gravar","futuro"
"Qual é o contrário de limpo?","qual-e-o-contrario-de-limpo.mp3","Opostos","P3 — futuro","falta gravar","futuro"
"Qual é o contrário de molhado?","qual-e-o-contrario-de-molhado.mp3","Opostos","P3 — futuro","falta gravar","futuro"
"Qual é o contrário de perto?","qual-e-o-contrario-de-perto.mp3","Opostos","P3 — futuro","falta gravar","futuro"
"Qual é o contrário de quente?","qual-e-o-contrario-de-quente.mp3","Opostos","P3 — futuro","falta gravar","futuro"
"Qual é o contrário de rápido?","qual-e-o-contrario-de-rapido.mp3","Opostos","P3 — futuro","falta gravar","futuro"
"Quente","quente.mp3","Opostos","P3 — futuro","falta gravar","futuro"
"Rápido","rapido.mp3","Opostos","P3 — futuro","falta gravar","futuro"
"Seco","seco.mp3","Opostos","P3 — futuro","falta gravar","futuro"
"Sujo","sujo.mp3","Opostos","P3 — futuro","falta gravar","futuro"
"Hora de acordar!","hora-de-acordar.mp3","Rotina","P3 — futuro","falta gravar","futuro"
"Hora de comer!","hora-de-comer.mp3","Rotina","P3 — futuro","falta gravar","futuro"
"Hora de dormir!","hora-de-dormir.mp3","Rotina","P3 — futuro","falta gravar","futuro"
"Hora de escovar os dentes!","hora-de-escovar-os-dentes.mp3","Rotina","P3 — futuro","falta gravar","futuro"
"Hora de guardar os brinquedos!","hora-de-guardar-os-brinquedos.mp3","Rotina","P3 — futuro","falta gravar","futuro"
"Hora do banho!","hora-do-banho.mp3","Rotina","P3 — futuro","falta gravar","futuro"
"Hora do café da manhã!","hora-do-cafe-da-manha.mp3","Rotina","P3 — futuro","falta gravar","futuro"
"Vamos calçar o sapato?","vamos-calcar-o-sapato.mp3","Rotina","P3 — futuro","falta gravar","futuro"
"Vamos lavar as mãos?","vamos-lavar-as-maos.mp3","Rotina","P3 — futuro","falta gravar","futuro"
"Vamos passear?","vamos-passear.mp3","Rotina","P3 — futuro","falta gravar","futuro"
"Vamos tomar água?","vamos-tomar-agua.mp3","Rotina","P3 — futuro","falta gravar","futuro"
"Vamos vestir a roupa?","vamos-vestir-a-roupa.mp3","Rotina","P3 — futuro","falta gravar","futuro"
"Amanhã","amanha.mp3","Tempo e dias","P3 — futuro","gravado","futuro"
"Boa noite!","boa-noite.mp3","Tempo e dias","P3 — futuro","falta gravar","futuro"
"Boa tarde!","boa-tarde.mp3","Tempo e dias","P3 — futuro","falta gravar","futuro"
"Domingo","domingo.mp3","Tempo e dias","P3 — futuro","gravado","futuro"
"Hoje","hoje.mp3","Tempo e dias","P3 — futuro","gravado","futuro"
"Manhã","manha.mp3","Tempo e dias","P3 — futuro","falta gravar","futuro"
"Ontem","ontem.mp3","Tempo e dias","P3 — futuro","falta gravar","futuro"
"Quarta-feira","quarta-feira.mp3","Tempo e dias","P3 — futuro","gravado","futuro"
"Quinta-feira","quinta-feira.mp3","Tempo e dias","P3 — futuro","gravado","futuro"
"Sábado","sabado.mp3","Tempo e dias","P3 — futuro","gravado","futuro"
"Segunda-feira","segunda-feira.mp3","Tempo e dias","P3 — futuro","gravado","futuro"
"Sexta-feira","sexta-feira.mp3","Tempo e dias","P3 — futuro","gravado","futuro"
"Tarde","tarde.mp3","Tempo e dias","P3 — futuro","falta gravar","futuro"
"Terça-feira","terca-feira.mp3","Tempo e dias","P3 — futuro","gravado","futuro"
"Ambulância","ambulancia.mp3","Transportes","P3 — futuro","falta gravar","futuro"
"Barco","barco.mp3","Transportes","P3 — futuro","gravado","futuro"
"Bicicleta","bicicleta.mp3","Transportes","P3 — futuro","gravado","futuro"
"Caminhão","caminhao.mp3","Transportes","P3 — futuro","gravado","futuro"
"Caminhão de bombeiro","caminhao-de-bombeiro.mp3","Transportes","P3 — futuro","falta gravar","futuro"
"Foguete","foguete.mp3","Transportes","P3 — futuro","gravado","futuro"
"Helicóptero","helicoptero.mp3","Transportes","P3 — futuro","falta gravar","futuro"
"Moto","moto.mp3","Transportes","P3 — futuro","gravado","futuro"
"Onde está a ambulância?","onde-esta-a-ambulancia.mp3","Transportes","P3 — futuro","falta gravar","futuro"
"Onde está a bicicleta?","onde-esta-a-bicicleta.mp3","Transportes","P3 — futuro","falta gravar","futuro"
"Onde está a moto?","onde-esta-a-moto.mp3","Transportes","P3 — futuro","falta gravar","futuro"
"Onde está o avião?","onde-esta-o-aviao.mp3","Transportes","P3 — futuro","falta gravar","futuro"
"Onde está o barco?","onde-esta-o-barco.mp3","Transportes","P3 — futuro","falta gravar","futuro"
"Onde está o caminhão de bombeiro?","onde-esta-o-caminhao-de-bombeiro.mp3","Transportes","P3 — futuro","falta gravar","futuro"
"Onde está o caminhão?","onde-esta-o-caminhao.mp3","Transportes","P3 — futuro","falta gravar","futuro"
"Onde está o carro?","onde-esta-o-carro.mp3","Transportes","P3 — futuro","falta gravar","futuro"
"Onde está o foguete?","onde-esta-o-foguete.mp3","Transportes","P3 — futuro","falta gravar","futuro"
"Onde está o helicóptero?","onde-esta-o-helicoptero.mp3","Transportes","P3 — futuro","falta gravar","futuro"
"Onde está o ônibus?","onde-esta-o-onibus.mp3","Transportes","P3 — futuro","falta gravar","futuro"
"Onde está o trem?","onde-esta-o-trem.mp3","Transportes","P3 — futuro","falta gravar","futuro"
"Ônibus","onibus.mp3","Transportes","P3 — futuro","gravado","futuro"
"Trem","trem.mp3","Transportes","P3 — futuro","gravado","futuro"
